Schema Version,Order of entry,Record Type,Session Label,Session ID,Metadata Field,Metadata Value,Event,Date,Location,Chair,Vice-Chair,Secretary,Treasurer,Arranger(s),Chaplain,Memorial Lesson Leader,Book,SingLoud Code,Leader(s),Canonical Leader(s),Page,Song,Tag,Notes,Marker,Timestamp ISO,Time entered
4,1,session,"Thursday, June 15",skjsg9vv,,,National Sacred Harp Convention,2000-06-15,"Trinity United Methodist Church, Birmingham, Alabama",Buell Cobb,Mark Davis,Kathy Williams,,"Catherine Oss, Rosemary Greenaway, Cindy Franklin",Tom Owen,,,,,,,,,,,2026-07-20T16:34:30.782Z,4:34 PM
4,2,song,,skjsg9vv,,,National Sacred Harp Convention,2000-06-15,"Trinity United Methodist Church, Birmingham, Alabama",Buell Cobb,Mark Davis,Kathy Williams,,"Catherine Oss, Rosemary Greenaway, Cindy Franklin",Tom Owen,,SHM1991,SHM,Buell Cobb,,31b,,,Called the class to order; Tom Owen led the morning prayer,,2026-07-20T16:34:30.800Z,4:34 PM
4,3,song,,skjsg9vv,,,National Sacred Harp Convention,2000-06-15,"Trinity United Methodist Church, Birmingham, Alabama",Buell Cobb,Mark Davis,Kathy Williams,,"Catherine Oss, Rosemary Greenaway, Cindy Franklin",Tom Owen,,SHM1991,SHM,Mark Davis,,61,,,,,2026-07-20T16:34:30.820Z,4:34 PM
4,4,song,,skjsg9vv,,,National Sacred Harp Convention,2000-06-15,"Trinity United Methodist Church, Birmingham, Alabama",Buell Cobb,Mark Davis,Kathy Williams,,"Catherine Oss, Rosemary Greenaway, Cindy Franklin",Tom Owen,,SHM1991,SHM,Kathy Williams,,539,,,,,2026-07-20T16:34:30.839Z,4:34 PM
4,5,song,,skjsg9vv,,,National Sacred Harp Convention,2000-06-15,"Trinity United Methodist Church, Birmingham, Alabama",Buell Cobb,Mark Davis,Kathy Williams,,"Catherine Oss, Rosemary Greenaway, Cindy Franklin",Tom Owen,,SHM1991,SHM,Mike Hinton,,373,,,,,2026-07-20T16:34:30.863Z,4:34 PM
4,6,song,,skjsg9vv,,,National Sacred Harp Convention,2000-06-15,"Trinity United Methodist Church, Birmingham, Alabama",Buell Cobb,Mark Davis,Kathy Williams,,"Catherine Oss, Rosemary Greenaway, Cindy Franklin",Tom Owen,,SHM1991,SHM,John Redman,,236,,,,,2026-07-20T16:34:30.885Z,4:34 PM
4,7,song,,skjsg9vv,,,National Sacred Harp Convention,2000-06-15,"Trinity United Methodist Church, Birmingham, Alabama",Buell Cobb,Mark Davis,Kathy Williams,,"Catherine Oss, Rosemary Greenaway, Cindy Franklin",Tom Owen,,SHM1991,SHM,Don Bowen,,99,,,,,2026-07-20T16:34:30.904Z,4:34 PM
4,8,song,,skjsg9vv,,,National Sacred Harp Convention,2000-06-15,"Trinity United Methodist Church, Birmingham, Alabama",Buell Cobb,Mark Davis,Kathy Williams,,"Catherine Oss, Rosemary Greenaway, Cindy Franklin",Tom Owen,,SHM1991,SHM,Henry Guthery,,39b,,,,,2026-07-20T16:34:30.928Z,4:34 PM
4,9,song,,skjsg9vv,,,National Sacred Harp Convention,2000-06-15,"Trinity United Methodist Church, Birmingham, Alabama",Buell Cobb,Mark Davis,Kathy Williams,,"Catherine Oss, Rosemary Greenaway, Cindy Franklin",Tom Owen,,SHM1991,SHM,Latisha Crocker,,490,,,,,2026-07-20T16:34:30.959Z,4:34 PM
4,10,song,,skjsg9vv,,,National Sacred Harp Convention,2000-06-15,"Trinity United Methodist Church, Birmingham, Alabama",Buell Cobb,Mark Davis,Kathy Williams,,"Catherine Oss, Rosemary Greenaway, Cindy Franklin",Tom Owen,,SHM1991,SHM,J.L. Hopper,,198,,,,,2026-07-20T16:34:30.996Z,4:34 PM
4,11,song,,skjsg9vv,,,National Sacred Harp Convention,2000-06-15,"Trinity United Methodist Church, Birmingham, Alabama",Buell Cobb,Mark Davis,Kathy Williams,,"Catherine Oss, Rosemary Greenaway, Cindy Franklin",Tom Owen,,SHM1991,SHM,Kathy Robinson,,546,,,,,2026-07-20T16:34:31.033Z,4:34 PM
4,12,song,,skjsg9vv,,,National Sacred Harp Convention,2000-06-15,"Trinity United Methodist Church, Birmingham, Alabama",Buell Cobb,Mark Davis,Kathy Williams,,"Catherine Oss, Rosemary Greenaway, Cindy Franklin",Tom Owen,,SHM1991,SHM,Ottis Sides,,75,,,,,2026-07-20T16:34:31.052Z,4:34 PM
4,13,song,,skjsg9vv,,,National Sacred Harp Convention,2000-06-15,"Trinity United Methodist Church, Birmingham, Alabama",Buell Cobb,Mark Davis,Kathy Williams,,"Catherine Oss, Rosemary Greenaway, Cindy Franklin",Tom Owen,,SHM1991,SHM,Sherry Guthery,,340,,,,,2026-07-20T16:34:31.080Z,4:34 PM
4,14,song,,skjsg9vv,,,National Sacred Harp Convention,2000-06-15,"Trinity United Methodist Church, Birmingham, Alabama",Buell Cobb,Mark Davis,Kathy Williams,,"Catherine Oss, Rosemary Greenaway, Cindy Franklin",Tom Owen,,SHM1991,SHM,Frank Hataway,,565,,,,,2026-07-20T16:34:31.106Z,4:34 PM
4,15,song,,skjsg9vv,,,National Sacred Harp Convention,2000-06-15,"Trinity United Methodist Church, Birmingham, Alabama",Buell Cobb,Mark Davis,Kathy Williams,,"Catherine Oss, Rosemary Greenaway, Cindy Franklin",Tom Owen,,SHM1991,SHM,Kathleen Robbins,,535,,,,,2026-07-20T16:34:31.161Z,4:34 PM
4,16,song,,skjsg9vv,,,National Sacred Harp Convention,2000-06-15,"Trinity United Methodist Church, Birmingham, Alabama",Buell Cobb,Mark Davis,Kathy Williams,,"Catherine Oss, Rosemary Greenaway, Cindy Franklin",Tom Owen,,SHM1991,SHM,Donald Smith,,35,,,,,2026-07-20T16:34:31.202Z,4:34 PM
4,17,song,,skjsg9vv,,,National Sacred Harp Convention,2000-06-15,"Trinity United Methodist Church, Birmingham, Alabama",Buell Cobb,Mark Davis,Kathy Williams,,"Catherine Oss, Rosemary Greenaway, Cindy Franklin",Tom Owen,,SHM1991,SHM,Gaston White,,159,,,,,2026-07-20T16:34:31.252Z,4:34 PM
4,18,song,,skjsg9vv,,,National Sacred Harp Convention,2000-06-15,"Trinity United Methodist Church, Birmingham, Alabama",Buell Cobb,Mark Davis,Kathy Williams,,"Catherine Oss, Rosemary Greenaway, Cindy Franklin",Tom Owen,,SHM1991,SHM,Henry Johnson,,418,,,,,2026-07-20T16:34:31.309Z,4:34 PM
4,19,marker,,skjsg9vv,,,National Sacred Harp Convention,2000-06-15,"Trinity United Methodist Church, Birmingham, Alabama",Buell Cobb,Mark Davis,Kathy Williams,,"Catherine Oss, Rosemary Greenaway, Cindy Franklin",Tom Owen,,,,,,,,,,RECESS,2026-07-20T16:34:31.338Z,4:34 PM
4,20,song,,skjsg9vv,,,National Sacred Harp Convention,2000-06-15,"Trinity United Methodist Church, Birmingham, Alabama",Buell Cobb,Mark Davis,Kathy Williams,,"Catherine Oss, Rosemary Greenaway, Cindy Franklin",Tom Owen,,SHM1991,SHM,Henry Guthery,,88t,,Call Back,Called the class back to order,,2026-07-20T16:34:31.376Z,4:34 PM
4,21,song,,skjsg9vv,,,National Sacred Harp Convention,2000-06-15,"Trinity United Methodist Church, Birmingham, Alabama",Buell Cobb,Mark Davis,Kathy Williams,,"Catherine Oss, Rosemary Greenaway, Cindy Franklin",Tom Owen,,SHM1991,SHM,Steven Schmidgall,,496,,,,,2026-07-20T16:34:31.428Z,4:34 PM
4,22,song,,skjsg9vv,,,National Sacred Harp Convention,2000-06-15,"Trinity United Methodist Church, Birmingham, Alabama",Buell Cobb,Mark Davis,Kathy Williams,,"Catherine Oss, Rosemary Greenaway, Cindy Franklin",Tom Owen,,SHM1991,SHM,Sheri Taylor,,84,,,,,2026-07-20T16:34:31.475Z,4:34 PM
4,23,song,,skjsg9vv,,,National Sacred Harp Convention,2000-06-15,"Trinity United Methodist Church, Birmingham, Alabama",Buell Cobb,Mark Davis,Kathy Williams,,"Catherine Oss, Rosemary Greenaway, Cindy Franklin",Tom Owen,,SHM1991,SHM,Willie Mae Moon,,217,,,,,2026-07-20T16:34:31.509Z,4:34 PM
4,24,song,,skjsg9vv,,,National Sacred Harp Convention,2000-06-15,"Trinity United Methodist Church, Birmingham, Alabama",Buell Cobb,Mark Davis,Kathy Williams,,"Catherine Oss, Rosemary Greenaway, Cindy Franklin",Tom Owen,,SHM1991,SHM,Judy Caudle,,234,,,,,2026-07-20T16:34:31.548Z,4:34 PM
4,25,song,,skjsg9vv,,,National Sacred Harp Convention,2000-06-15,"Trinity United Methodist Church, Birmingham, Alabama",Buell Cobb,Mark Davis,Kathy Williams,,"Catherine Oss, Rosemary Greenaway, Cindy Franklin",Tom Owen,,SHM1991,SHM,Odom Hawkins,,147t,,,,,2026-07-20T16:34:31.627Z,4:34 PM
4,26,song,,skjsg9vv,,,National Sacred Harp Convention,2000-06-15,"Trinity United Methodist Church, Birmingham, Alabama",Buell Cobb,Mark Davis,Kathy Williams,,"Catherine Oss, Rosemary Greenaway, Cindy Franklin",Tom Owen,,SHM1991,SHM,Betty Shaver,,454,,,,,2026-07-20T16:34:31.659Z,4:34 PM
4,27,song,,skjsg9vv,,,National Sacred Harp Convention,2000-06-15,"Trinity United Methodist Church, Birmingham, Alabama",Buell Cobb,Mark Davis,Kathy Williams,,"Catherine Oss, Rosemary Greenaway, Cindy Franklin",Tom Owen,,SHM1991,SHM,Bill Hogan,,207,,,,,2026-07-20T16:34:31.703Z,4:34 PM
4,28,song,,skjsg9vv,,,National Sacred Harp Convention,2000-06-15,"Trinity United Methodist Church, Birmingham, Alabama",Buell Cobb,Mark Davis,Kathy Williams,,"Catherine Oss, Rosemary Greenaway, Cindy Franklin",Tom Owen,,SHM1991,SHM,Pauline Childers,,384,,,,,2026-07-20T16:34:31.757Z,4:34 PM
4,29,song,,skjsg9vv,,,National Sacred Harp Convention,2000-06-15,"Trinity United Methodist Church, Birmingham, Alabama",Buell Cobb,Mark Davis,Kathy Williams,,"Catherine Oss, Rosemary Greenaway, Cindy Franklin",Tom Owen,,SHM1991,SHM,Bob Bonnell,,503,,,,,2026-07-20T16:34:31.802Z,4:34 PM
4,30,song,,skjsg9vv,,,National Sacred Harp Convention,2000-06-15,"Trinity United Methodist Church, Birmingham, Alabama",Buell Cobb,Mark Davis,Kathy Williams,,"Catherine Oss, Rosemary Greenaway, Cindy Franklin",Tom Owen,,SHM1991,SHM,Flarce Creel,,475,,,,,2026-07-20T16:34:31.855Z,4:34 PM
4,31,song,,skjsg9vv,,,National Sacred Harp Convention,2000-06-15,"Trinity United Methodist Church, Birmingham, Alabama",Buell Cobb,Mark Davis,Kathy Williams,,"Catherine Oss, Rosemary Greenaway, Cindy Franklin",Tom Owen,,SHM1991,SHM,"Freeman Wootten, Jewell Wootten",Freeman Wootten and Jewell Wootten,82t,,,,,2026-07-20T16:34:31.897Z,4:34 PM
4,32,song,,skjsg9vv,,,National Sacred Harp Convention,2000-06-15,"Trinity United Methodist Church, Birmingham, Alabama",Buell Cobb,Mark Davis,Kathy Williams,,"Catherine Oss, Rosemary Greenaway, Cindy Franklin",Tom Owen,,SHM1991,SHM,Gene Wakefield,,284,,,,,2026-07-20T16:34:31.940Z,4:34 PM
4,33,song,,skjsg9vv,,,National Sacred Harp Convention,2000-06-15,"Trinity United Methodist Church, Birmingham, Alabama",Buell Cobb,Mark Davis,Kathy Williams,,"Catherine Oss, Rosemary Greenaway, Cindy Franklin",Tom Owen,,SHM1991,SHM,"Wanda Capps, Shelley Capps",Wanda Capps and Shelley Capps,73t,,,,,2026-07-20T16:34:31.987Z,4:34 PM
4,34,song,,skjsg9vv,,,National Sacred Harp Convention,2000-06-15,"Trinity United Methodist Church, Birmingham, Alabama",Buell Cobb,Mark Davis,Kathy Williams,,"Catherine Oss, Rosemary Greenaway, Cindy Franklin",Tom Owen,,SHM1991,SHM,Edward Howton,,436,,,,,2026-07-20T16:34:32.023Z,4:34 PM
4,35,song,,skjsg9vv,,,National Sacred Harp Convention,2000-06-15,"Trinity United Methodist Church, Birmingham, Alabama",Buell Cobb,Mark Davis,Kathy Williams,,"Catherine Oss, Rosemary Greenaway, Cindy Franklin",Tom Owen,,SHM1991,SHM,Edith Tate,,532,,,,,2026-07-20T16:34:32.061Z,4:34 PM
4,36,marker,,skjsg9vv,,,National Sacred Harp Convention,2000-06-15,"Trinity United Methodist Church, Birmingham, Alabama",Buell Cobb,Mark Davis,Kathy Williams,,"Catherine Oss, Rosemary Greenaway, Cindy Franklin",Tom Owen,,,,,,,,,,RECESS,2026-07-20T16:34:32.123Z,4:34 PM
4,37,song,,skjsg9vv,,,National Sacred Harp Convention,2000-06-15,"Trinity United Methodist Church, Birmingham, Alabama",Buell Cobb,Mark Davis,Kathy Williams,,"Catherine Oss, Rosemary Greenaway, Cindy Franklin",Tom Owen,,SHM1991,SHM,Cindy Franklin,,269,,Call Back,"Business session: officers and committees confirmed for the year (Chairman—Buell Cobb; Vice Chairman—Mark Davis; Chaplain—Tom Owen; Secretary—Kathy Williams, all already serving) — Arranging—Catherine Oss, Rosemary Greenaway, Cindy Franklin; Finance—Don Bowen, John Redman; Resolutions—Richard Mauldin, Sharona Nelson; Memorial—Lee Rogers, Mike Hinton",,2026-07-20T16:34:32.163Z,4:34 PM
4,38,song,,skjsg9vv,,,National Sacred Harp Convention,2000-06-15,"Trinity United Methodist Church, Birmingham, Alabama",Buell Cobb,Mark Davis,Kathy Williams,,"Catherine Oss, Rosemary Greenaway, Cindy Franklin",Tom Owen,,SHM1991,SHM,Travis Keeton,,270,,,,,2026-07-20T16:34:32.207Z,4:34 PM
4,39,song,,skjsg9vv,,,National Sacred Harp Convention,2000-06-15,"Trinity United Methodist Church, Birmingham, Alabama",Buell Cobb,Mark Davis,Kathy Williams,,"Catherine Oss, Rosemary Greenaway, Cindy Franklin",Tom Owen,,SHM1991,SHM,Linda Sides,,480,,,,,2026-07-20T16:34:32.254Z,4:34 PM
4,40,song,,skjsg9vv,,,National Sacred Harp Convention,2000-06-15,"Trinity United Methodist Church, Birmingham, Alabama",Buell Cobb,Mark Davis,Kathy Williams,,"Catherine Oss, Rosemary Greenaway, Cindy Franklin",Tom Owen,,SHM1991,SHM,Mary Alice Wakefield,,63,,,,,2026-07-20T16:34:32.300Z,4:34 PM
4,41,song,,skjsg9vv,,,National Sacred Harp Convention,2000-06-15,"Trinity United Methodist Church, Birmingham, Alabama",Buell Cobb,Mark Davis,Kathy Williams,,"Catherine Oss, Rosemary Greenaway, Cindy Franklin",Tom Owen,,SHM1991,SHM,Ginnie Prater,,186,,,,,2026-07-20T16:34:32.358Z,4:34 PM
4,42,song,,skjsg9vv,,,National Sacred Harp Convention,2000-06-15,"Trinity United Methodist Church, Birmingham, Alabama",Buell Cobb,Mark Davis,Kathy Williams,,"Catherine Oss, Rosemary Greenaway, Cindy Franklin",Tom Owen,,SHM1991,SHM,Cassie Franklin,,216,,,,,2026-07-20T16:34:32.413Z,4:34 PM
4,43,song,,skjsg9vv,,,National Sacred Harp Convention,2000-06-15,"Trinity United Methodist Church, Birmingham, Alabama",Buell Cobb,Mark Davis,Kathy Williams,,"Catherine Oss, Rosemary Greenaway, Cindy Franklin",Tom Owen,,SHM1991,SHM,Tim Eriksen,,277,,,,,2026-07-20T16:34:32.450Z,4:34 PM
4,44,song,,skjsg9vv,,,National Sacred Harp Convention,2000-06-15,"Trinity United Methodist Church, Birmingham, Alabama",Buell Cobb,Mark Davis,Kathy Williams,,"Catherine Oss, Rosemary Greenaway, Cindy Franklin",Tom Owen,,SHM1991,SHM,Louise Holland,,58,,,,,2026-07-20T16:34:32.507Z,4:34 PM
4,45,song,,skjsg9vv,,,National Sacred Harp Convention,2000-06-15,"Trinity United Methodist Church, Birmingham, Alabama",Buell Cobb,Mark Davis,Kathy Williams,,"Catherine Oss, Rosemary Greenaway, Cindy Franklin",Tom Owen,,SHM1991,SHM,Floy Wilder,,183,,,,,2026-07-20T16:34:32.560Z,4:34 PM
4,46,song,,skjsg9vv,,,National Sacred Harp Convention,2000-06-15,"Trinity United Methodist Church, Birmingham, Alabama",Buell Cobb,Mark Davis,Kathy Williams,,"Catherine Oss, Rosemary Greenaway, Cindy Franklin",Tom Owen,,SHM1991,SHM,Sarah Coates,,224,,,,,2026-07-20T16:34:32.609Z,4:34 PM
4,47,song,,skjsg9vv,,,National Sacred Harp Convention,2000-06-15,"Trinity United Methodist Church, Birmingham, Alabama",Buell Cobb,Mark Davis,Kathy Williams,,"Catherine Oss, Rosemary Greenaway, Cindy Franklin",Tom Owen,,SHM1991,SHM,Warren Steel,,556,,,,,2026-07-20T16:34:32.665Z,4:34 PM
4,48,song,,skjsg9vv,,,National Sacred Harp Convention,2000-06-15,"Trinity United Methodist Church, Birmingham, Alabama",Buell Cobb,Mark Davis,Kathy Williams,,"Catherine Oss, Rosemary Greenaway, Cindy Franklin",Tom Owen,,SHM1991,SHM,LaRue Allen,,280,,,,,2026-07-20T16:34:32.720Z,4:34 PM
4,49,song,,skjsg9vv,,,National Sacred Harp Convention,2000-06-15,"Trinity United Methodist Church, Birmingham, Alabama",Buell Cobb,Mark Davis,Kathy Williams,,"Catherine Oss, Rosemary Greenaway, Cindy Franklin",Tom Owen,,SHM1991,SHM,Cathryn Baker,,472,,,,,2026-07-20T16:34:32.877Z,4:34 PM
4,50,song,,skjsg9vv,,,National Sacred Harp Convention,2000-06-15,"Trinity United Methodist Church, Birmingham, Alabama",Buell Cobb,Mark Davis,Kathy Williams,,"Catherine Oss, Rosemary Greenaway, Cindy Franklin",Tom Owen,,SHM1991,SHM,Reed Coates,,222,,,,,2026-07-20T16:34:32.942Z,4:34 PM
4,51,song,,skjsg9vv,,,National Sacred Harp Convention,2000-06-15,"Trinity United Methodist Church, Birmingham, Alabama",Buell Cobb,Mark Davis,Kathy Williams,,"Catherine Oss, Rosemary Greenaway, Cindy Franklin",Tom Owen,,SHM1991,SHM,Henry McGuire,,365,,,,,2026-07-20T16:34:33.000Z,4:34 PM
4,52,song,,skjsg9vv,,,National Sacred Harp Convention,2000-06-15,"Trinity United Methodist Church, Birmingham, Alabama",Buell Cobb,Mark Davis,Kathy Williams,,"Catherine Oss, Rosemary Greenaway, Cindy Franklin",Tom Owen,,SHM1991,SHM,Coy Ivey,,298,,,,,2026-07-20T16:34:33.050Z,4:34 PM
4,53,song,,skjsg9vv,,,National Sacred Harp Convention,2000-06-15,"Trinity United Methodist Church, Birmingham, Alabama",Buell Cobb,Mark Davis,Kathy Williams,,"Catherine Oss, Rosemary Greenaway, Cindy Franklin",Tom Owen,,SHM1991,SHM,Nancy Van Den Akker,,223,,,,,2026-07-20T16:34:33.125Z,4:34 PM
4,54,song,,skjsg9vv,,,National Sacred Harp Convention,2000-06-15,"Trinity United Methodist Church, Birmingham, Alabama",Buell Cobb,Mark Davis,Kathy Williams,,"Catherine Oss, Rosemary Greenaway, Cindy Franklin",Tom Owen,,SHM1991,SHM,Mike Grimes,,49b,,,,,2026-07-20T16:34:33.179Z,4:34 PM
4,55,song,,skjsg9vv,,,National Sacred Harp Convention,2000-06-15,"Trinity United Methodist Church, Birmingham, Alabama",Buell Cobb,Mark Davis,Kathy Williams,,"Catherine Oss, Rosemary Greenaway, Cindy Franklin",Tom Owen,,SHM1991,SHM,Janet Fraembs,,448t,,,,,2026-07-20T16:34:33.233Z,4:34 PM
4,56,song,,skjsg9vv,,,National Sacred Harp Convention,2000-06-15,"Trinity United Methodist Church, Birmingham, Alabama",Buell Cobb,Mark Davis,Kathy Williams,,"Catherine Oss, Rosemary Greenaway, Cindy Franklin",Tom Owen,,SHM1991,SHM,Richard Schmeidler,,474,,,,,2026-07-20T16:34:33.286Z,4:34 PM
4,57,song,,skjsg9vv,,,National Sacred Harp Convention,2000-06-15,"Trinity United Methodist Church, Birmingham, Alabama",Buell Cobb,Mark Davis,Kathy Williams,,"Catherine Oss, Rosemary Greenaway, Cindy Franklin",Tom Owen,,SHM1991,SHM,Cheryl Foreman,,209,,,,,2026-07-20T16:34:33.358Z,4:34 PM
4,58,song,,skjsg9vv,,,National Sacred Harp Convention,2000-06-15,"Trinity United Methodist Church, Birmingham, Alabama",Buell Cobb,Mark Davis,Kathy Williams,,"Catherine Oss, Rosemary Greenaway, Cindy Franklin",Tom Owen,,SHM1991,SHM,Bradford West,,27,,,,,2026-07-20T16:34:33.406Z,4:34 PM
4,59,song,,skjsg9vv,,,National Sacred Harp Convention,2000-06-15,"Trinity United Methodist Church, Birmingham, Alabama",Buell Cobb,Mark Davis,Kathy Williams,,"Catherine Oss, Rosemary Greenaway, Cindy Franklin",Tom Owen,,SHM1991,SHM,Beth Todd,,290,,,Tom Owen led the prayer before lunch,,2026-07-20T16:34:33.468Z,4:34 PM
4,60,marker,,skjsg9vv,,,National Sacred Harp Convention,2000-06-15,"Trinity United Methodist Church, Birmingham, Alabama",Buell Cobb,Mark Davis,Kathy Williams,,"Catherine Oss, Rosemary Greenaway, Cindy Franklin",Tom Owen,,,,,,,,,,LUNCH,2026-07-20T16:34:33.551Z,4:34 PM
4,61,song,,skjsg9vv,,,National Sacred Harp Convention,2000-06-15,"Trinity United Methodist Church, Birmingham, Alabama",Buell Cobb,Mark Davis,Kathy Williams,,"Catherine Oss, Rosemary Greenaway, Cindy Franklin",Tom Owen,,SHM1991,SHM,Catherine Oss,,318,,Call Back,Called the class back together,,2026-07-20T16:34:33.613Z,4:34 PM
4,62,song,,skjsg9vv,,,National Sacred Harp Convention,2000-06-15,"Trinity United Methodist Church, Birmingham, Alabama",Buell Cobb,Mark Davis,Kathy Williams,,"Catherine Oss, Rosemary Greenaway, Cindy Franklin",Tom Owen,,SHM1991,SHM,Charlene Wallace,,548,,,,,2026-07-20T16:34:33.670Z,4:34 PM
4,63,song,,skjsg9vv,,,National Sacred Harp Convention,2000-06-15,"Trinity United Methodist Church, Birmingham, Alabama",Buell Cobb,Mark Davis,Kathy Williams,,"Catherine Oss, Rosemary Greenaway, Cindy Franklin",Tom Owen,,SHM1991,SHM,Rosemary Greenaway,,163b,,,,,2026-07-20T16:34:33.733Z,4:34 PM
4,64,song,,skjsg9vv,,,National Sacred Harp Convention,2000-06-15,"Trinity United Methodist Church, Birmingham, Alabama",Buell Cobb,Mark Davis,Kathy Williams,,"Catherine Oss, Rosemary Greenaway, Cindy Franklin",Tom Owen,,SHM1991,SHM,Tom Owen,,528,,,,,2026-07-20T16:34:33.804Z,4:34 PM
4,65,song,,skjsg9vv,,,National Sacred Harp Convention,2000-06-15,"Trinity United Methodist Church, Birmingham, Alabama",Buell Cobb,Mark Davis,Kathy Williams,,"Catherine Oss, Rosemary Greenaway, Cindy Franklin",Tom Owen,,SHM1991,SHM,Lee Rogers,,196,,,,,2026-07-20T16:34:33.856Z,4:34 PM
4,66,song,,skjsg9vv,,,National Sacred Harp Convention,2000-06-15,"Trinity United Methodist Church, Birmingham, Alabama",Buell Cobb,Mark Davis,Kathy Williams,,"Catherine Oss, Rosemary Greenaway, Cindy Franklin",Tom Owen,,SHM1991,SHM,Richard Mauldin,,36b,,,,,2026-07-20T16:34:33.942Z,4:34 PM
4,67,song,,skjsg9vv,,,National Sacred Harp Convention,2000-06-15,"Trinity United Methodist Church, Birmingham, Alabama",Buell Cobb,Mark Davis,Kathy Williams,,"Catherine Oss, Rosemary Greenaway, Cindy Franklin",Tom Owen,,SHM1991,SHM,Joe Todd,,455,,,,,2026-07-20T16:34:34.013Z,4:34 PM
4,68,song,,skjsg9vv,,,National Sacred Harp Convention,2000-06-15,"Trinity United Methodist Church, Birmingham, Alabama",Buell Cobb,Mark Davis,Kathy Williams,,"Catherine Oss, Rosemary Greenaway, Cindy Franklin",Tom Owen,,SHM1991,SHM,Carroll Lunsford,,390,,,,,2026-07-20T16:34:34.067Z,4:34 PM
4,69,song,,skjsg9vv,,,National Sacred Harp Convention,2000-06-15,"Trinity United Methodist Church, Birmingham, Alabama",Buell Cobb,Mark Davis,Kathy Williams,,"Catherine Oss, Rosemary Greenaway, Cindy Franklin",Tom Owen,,SHM1991,SHM,John Merritt,,499,,,,,2026-07-20T16:34:34.221Z,4:34 PM
4,70,song,,skjsg9vv,,,National Sacred Harp Convention,2000-06-15,"Trinity United Methodist Church, Birmingham, Alabama",Buell Cobb,Mark Davis,Kathy Williams,,"Catherine Oss, Rosemary Greenaway, Cindy Franklin",Tom Owen,,SHM1991,SHM,Linda Thomas,,33b,,,,,2026-07-20T16:34:34.272Z,4:34 PM
4,71,song,,skjsg9vv,,,National Sacred Harp Convention,2000-06-15,"Trinity United Methodist Church, Birmingham, Alabama",Buell Cobb,Mark Davis,Kathy Williams,,"Catherine Oss, Rosemary Greenaway, Cindy Franklin",Tom Owen,,OTHER,,Becky Briggs,,,Page 354 (top or bottom uncertain in original minutes),,Original minutes note page 354 with both t/b linked; which half isn't specified,,2026-07-20T16:34:34.348Z,4:34 PM
4,72,song,,skjsg9vv,,,National Sacred Harp Convention,2000-06-15,"Trinity United Methodist Church, Birmingham, Alabama",Buell Cobb,Mark Davis,Kathy Williams,,"Catherine Oss, Rosemary Greenaway, Cindy Franklin",Tom Owen,,SHM1991,SHM,Elsie Beasley,,322,,,,,2026-07-20T16:34:34.407Z,4:34 PM
4,73,song,,skjsg9vv,,,National Sacred Harp Convention,2000-06-15,"Trinity United Methodist Church, Birmingham, Alabama",Buell Cobb,Mark Davis,Kathy Williams,,"Catherine Oss, Rosemary Greenaway, Cindy Franklin",Tom Owen,,SHM1991,SHM,Elsie Beasley,,460,,,,,2026-07-20T16:34:34.483Z,4:34 PM
4,74,song,,skjsg9vv,,,National Sacred Harp Convention,2000-06-15,"Trinity United Methodist Church, Birmingham, Alabama",Buell Cobb,Mark Davis,Kathy Williams,,"Catherine Oss, Rosemary Greenaway, Cindy Franklin",Tom Owen,,SHM1991,SHM,Henry Zittrouer,,127,,,,,2026-07-20T16:34:34.554Z,4:34 PM
4,75,song,,skjsg9vv,,,National Sacred Harp Convention,2000-06-15,"Trinity United Methodist Church, Birmingham, Alabama",Buell Cobb,Mark Davis,Kathy Williams,,"Catherine Oss, Rosemary Greenaway, Cindy Franklin",Tom Owen,,SHM1991,SHM,Uel Freeman,,146,,,,,2026-07-20T16:34:34.622Z,4:34 PM
4,76,song,,skjsg9vv,,,National Sacred Harp Convention,2000-06-15,"Trinity United Methodist Church, Birmingham, Alabama",Buell Cobb,Mark Davis,Kathy Williams,,"Catherine Oss, Rosemary Greenaway, Cindy Franklin",Tom Owen,,SHM1991,SHM,Curtis Owen,,176b,,,,,2026-07-20T16:34:34.679Z,4:34 PM
4,77,song,,skjsg9vv,,,National Sacred Harp Convention,2000-06-15,"Trinity United Methodist Church, Birmingham, Alabama",Buell Cobb,Mark Davis,Kathy Williams,,"Catherine Oss, Rosemary Greenaway, Cindy Franklin",Tom Owen,,SHM1991,SHM,Christie Allen,,398,,,,,2026-07-20T16:34:34.766Z,4:34 PM
4,78,song,,skjsg9vv,,,National Sacred Harp Convention,2000-06-15,"Trinity United Methodist Church, Birmingham, Alabama",Buell Cobb,Mark Davis,Kathy Williams,,"Catherine Oss, Rosemary Greenaway, Cindy Franklin",Tom Owen,,SHM1991,SHM,Helen Brown,,210,,,,,2026-07-20T16:34:34.852Z,4:34 PM
4,79,song,,skjsg9vv,,,National Sacred Harp Convention,2000-06-15,"Trinity United Methodist Church, Birmingham, Alabama",Buell Cobb,Mark Davis,Kathy Williams,,"Catherine Oss, Rosemary Greenaway, Cindy Franklin",Tom Owen,,SHM1991,SHM,Phill Wisor,,74b,,,,,2026-07-20T16:34:34.944Z,4:34 PM
4,80,song,,skjsg9vv,,,National Sacred Harp Convention,2000-06-15,"Trinity United Methodist Church, Birmingham, Alabama",Buell Cobb,Mark Davis,Kathy Williams,,"Catherine Oss, Rosemary Greenaway, Cindy Franklin",Tom Owen,,SHM1991,SHM,Henry Bizzell,,452,,,,,2026-07-20T16:34:35.031Z,4:34 PM
4,81,song,,skjsg9vv,,,National Sacred Harp Convention,2000-06-15,"Trinity United Methodist Church, Birmingham, Alabama",Buell Cobb,Mark Davis,Kathy Williams,,"Catherine Oss, Rosemary Greenaway, Cindy Franklin",Tom Owen,,SHM1991,SHM,Bruce Coates,,34b,,,,,2026-07-20T16:34:35.157Z,4:34 PM
4,82,song,,skjsg9vv,,,National Sacred Harp Convention,2000-06-15,"Trinity United Methodist Church, Birmingham, Alabama",Buell Cobb,Mark Davis,Kathy Williams,,"Catherine Oss, Rosemary Greenaway, Cindy Franklin",Tom Owen,,SHM1991,SHM,Peter Irvine,,542,,,,,2026-07-20T16:34:35.231Z,4:34 PM
4,83,song,,skjsg9vv,,,National Sacred Harp Convention,2000-06-15,"Trinity United Methodist Church, Birmingham, Alabama",Buell Cobb,Mark Davis,Kathy Williams,,"Catherine Oss, Rosemary Greenaway, Cindy Franklin",Tom Owen,,SHM1991,SHM,Dennis George,,112,,,,,2026-07-20T16:34:35.288Z,4:34 PM
4,84,song,,skjsg9vv,,,National Sacred Harp Convention,2000-06-15,"Trinity United Methodist Church, Birmingham, Alabama",Buell Cobb,Mark Davis,Kathy Williams,,"Catherine Oss, Rosemary Greenaway, Cindy Franklin",Tom Owen,,SHM1991,SHM,"Buell Cobb, Mark Davis",Buell Cobb and Mark Davis,46,,,Closing song; Elder J.L. Hopper dismissed the class with prayer,,2026-07-20T16:34:35.365Z,4:34 PM
4,85,session,Friday,e9ybap4i,,,National Sacred Harp Convention,2000-06-16,"Trinity United Methodist Church, Birmingham, Alabama",Buell Cobb,Mark Davis,Kathy Williams,,"Catherine Oss, Rosemary Greenaway, Cindy Franklin",Tom Owen,,,,,,,,,,,2026-07-20T16:34:35.563Z,4:34 PM
4,86,song,,e9ybap4i,,,National Sacred Harp Convention,2000-06-16,"Trinity United Methodist Church, Birmingham, Alabama",Buell Cobb,Mark Davis,Kathy Williams,,"Catherine Oss, Rosemary Greenaway, Cindy Franklin",Tom Owen,,SHM1991,SHM,Buell Cobb,,52t,,,Called the class to order; Louis Hughes led the morning prayer,,2026-07-20T16:34:35.637Z,4:34 PM
4,87,song,,e9ybap4i,,,National Sacred Harp Convention,2000-06-16,"Trinity United Methodist Church, Birmingham, Alabama",Buell Cobb,Mark Davis,Kathy Williams,,"Catherine Oss, Rosemary Greenaway, Cindy Franklin",Tom Owen,,SHM1991,SHM,Mark Davis,,129,,,,,2026-07-20T16:34:35.718Z,4:34 PM
4,88,song,,e9ybap4i,,,National Sacred Harp Convention,2000-06-16,"Trinity United Methodist Church, Birmingham, Alabama",Buell Cobb,Mark Davis,Kathy Williams,,"Catherine Oss, Rosemary Greenaway, Cindy Franklin",Tom Owen,,SHM1991,SHM,Kathy Williams,,142,,,,,2026-07-20T16:34:35.811Z,4:34 PM
4,89,song,,e9ybap4i,,,National Sacred Harp Convention,2000-06-16,"Trinity United Methodist Church, Birmingham, Alabama",Buell Cobb,Mark Davis,Kathy Williams,,"Catherine Oss, Rosemary Greenaway, Cindy Franklin",Tom Owen,,SHM1991,SHM,Mike Hinton,,480,,,,,2026-07-20T16:34:35.885Z,4:34 PM
4,90,song,,e9ybap4i,,,National Sacred Harp Convention,2000-06-16,"Trinity United Methodist Church, Birmingham, Alabama",Buell Cobb,Mark Davis,Kathy Williams,,"Catherine Oss, Rosemary Greenaway, Cindy Franklin",Tom Owen,,SHM1991,SHM,Rosemary Greenaway,,383,,,,,2026-07-20T16:34:35.952Z,4:34 PM
4,91,song,,e9ybap4i,,,National Sacred Harp Convention,2000-06-16,"Trinity United Methodist Church, Birmingham, Alabama",Buell Cobb,Mark Davis,Kathy Williams,,"Catherine Oss, Rosemary Greenaway, Cindy Franklin",Tom Owen,,SHM1991,SHM,John Redman,,143,,,,,2026-07-20T16:34:36.046Z,4:34 PM
4,92,song,,e9ybap4i,,,National Sacred Harp Convention,2000-06-16,"Trinity United Methodist Church, Birmingham, Alabama",Buell Cobb,Mark Davis,Kathy Williams,,"Catherine Oss, Rosemary Greenaway, Cindy Franklin",Tom Owen,,SHM1991,SHM,Catherine Oss,,430,,,,,2026-07-20T16:34:36.121Z,4:34 PM
4,93,song,,e9ybap4i,,,National Sacred Harp Convention,2000-06-16,"Trinity United Methodist Church, Birmingham, Alabama",Buell Cobb,Mark Davis,Kathy Williams,,"Catherine Oss, Rosemary Greenaway, Cindy Franklin",Tom Owen,,SHM1991,SHM,Sharona Nelson,,137,,,,,2026-07-20T16:34:36.204Z,4:34 PM
4,94,song,,e9ybap4i,,,National Sacred Harp Convention,2000-06-16,"Trinity United Methodist Church, Birmingham, Alabama",Buell Cobb,Mark Davis,Kathy Williams,,"Catherine Oss, Rosemary Greenaway, Cindy Franklin",Tom Owen,,SHM1991,SHM,Tom Owen,,498,,,,,2026-07-20T16:34:36.284Z,4:34 PM
4,95,song,,e9ybap4i,,,National Sacred Harp Convention,2000-06-16,"Trinity United Methodist Church, Birmingham, Alabama",Buell Cobb,Mark Davis,Kathy Williams,,"Catherine Oss, Rosemary Greenaway, Cindy Franklin",Tom Owen,,SHM1991,SHM,Lee Rogers,,228,,,,,2026-07-20T16:34:36.363Z,4:34 PM
4,96,song,,e9ybap4i,,,National Sacred Harp Convention,2000-06-16,"Trinity United Methodist Church, Birmingham, Alabama",Buell Cobb,Mark Davis,Kathy Williams,,"Catherine Oss, Rosemary Greenaway, Cindy Franklin",Tom Owen,,SHM1991,SHM,Don Bowen,,66,,,,,2026-07-20T16:34:36.443Z,4:34 PM
4,97,song,,e9ybap4i,,,National Sacred Harp Convention,2000-06-16,"Trinity United Methodist Church, Birmingham, Alabama",Buell Cobb,Mark Davis,Kathy Williams,,"Catherine Oss, Rosemary Greenaway, Cindy Franklin",Tom Owen,,SHM1991,SHM,Richard Mauldin,,72b,,,,,2026-07-20T16:34:36.523Z,4:34 PM
4,98,song,,e9ybap4i,,,National Sacred Harp Convention,2000-06-16,"Trinity United Methodist Church, Birmingham, Alabama",Buell Cobb,Mark Davis,Kathy Williams,,"Catherine Oss, Rosemary Greenaway, Cindy Franklin",Tom Owen,,SHM1991,SHM,Richard DeLong,,285t,,,,,2026-07-20T16:34:36.623Z,4:34 PM
4,99,song,,e9ybap4i,,,National Sacred Harp Convention,2000-06-16,"Trinity United Methodist Church, Birmingham, Alabama",Buell Cobb,Mark Davis,Kathy Williams,,"Catherine Oss, Rosemary Greenaway, Cindy Franklin",Tom Owen,,SHM1991,SHM,Betty Jones,,40,,,,,2026-07-20T16:34:36.831Z,4:34 PM
4,100,song,,e9ybap4i,,,National Sacred Harp Convention,2000-06-16,"Trinity United Methodist Church, Birmingham, Alabama",Buell Cobb,Mark Davis,Kathy Williams,,"Catherine Oss, Rosemary Greenaway, Cindy Franklin",Tom Owen,,SHM1991,SHM,Sharon Kellam,,312t,,,,,2026-07-20T16:34:36.915Z,4:34 PM
4,101,song,,e9ybap4i,,,National Sacred Harp Convention,2000-06-16,"Trinity United Methodist Church, Birmingham, Alabama",Buell Cobb,Mark Davis,Kathy Williams,,"Catherine Oss, Rosemary Greenaway, Cindy Franklin",Tom Owen,,SHM1991,SHM,David Richardson,,473,,,,,2026-07-20T16:34:36.994Z,4:34 PM
4,102,song,,e9ybap4i,,,National Sacred Harp Convention,2000-06-16,"Trinity United Methodist Church, Birmingham, Alabama",Buell Cobb,Mark Davis,Kathy Williams,,"Catherine Oss, Rosemary Greenaway, Cindy Franklin",Tom Owen,,SHM1991,SHM,Anne Kazlauskas,,201,,,,,2026-07-20T16:34:37.078Z,4:34 PM
4,103,song,,e9ybap4i,,,National Sacred Harp Convention,2000-06-16,"Trinity United Methodist Church, Birmingham, Alabama",Buell Cobb,Mark Davis,Kathy Williams,,"Catherine Oss, Rosemary Greenaway, Cindy Franklin",Tom Owen,,SHM1991,SHM,Virginia Douglas,,49b,,,,,2026-07-20T16:34:37.153Z,4:34 PM
4,104,marker,,e9ybap4i,,,National Sacred Harp Convention,2000-06-16,"Trinity United Methodist Church, Birmingham, Alabama",Buell Cobb,Mark Davis,Kathy Williams,,"Catherine Oss, Rosemary Greenaway, Cindy Franklin",Tom Owen,,,,,,,,,,RECESS,2026-07-20T16:34:37.229Z,4:34 PM
4,105,song,,e9ybap4i,,,National Sacred Harp Convention,2000-06-16,"Trinity United Methodist Church, Birmingham, Alabama",Buell Cobb,Mark Davis,Kathy Williams,,"Catherine Oss, Rosemary Greenaway, Cindy Franklin",Tom Owen,,SHM1991,SHM,Jeff Sheppard,,97,,Call Back,Brought the class back together,,2026-07-20T16:34:37.327Z,4:34 PM
4,106,song,,e9ybap4i,,,National Sacred Harp Convention,2000-06-16,"Trinity United Methodist Church, Birmingham, Alabama",Buell Cobb,Mark Davis,Kathy Williams,,"Catherine Oss, Rosemary Greenaway, Cindy Franklin",Tom Owen,,SHM1991,SHM,Judy Hauff,,172,,,,,2026-07-20T16:34:37.405Z,4:34 PM
4,107,song,,e9ybap4i,,,National Sacred Harp Convention,2000-06-16,"Trinity United Methodist Church, Birmingham, Alabama",Buell Cobb,Mark Davis,Kathy Williams,,"Catherine Oss, Rosemary Greenaway, Cindy Franklin",Tom Owen,,SHM1991,SHM,Ila Ingle,,436,,,,,2026-07-20T16:34:37.486Z,4:34 PM
4,108,song,,e9ybap4i,,,National Sacred Harp Convention,2000-06-16,"Trinity United Methodist Church, Birmingham, Alabama",Buell Cobb,Mark Davis,Kathy Williams,,"Catherine Oss, Rosemary Greenaway, Cindy Franklin",Tom Owen,,SHM1991,SHM,Allen Fannin,,440,,,,,2026-07-20T16:34:37.572Z,4:34 PM
4,109,song,,e9ybap4i,,,National Sacred Harp Convention,2000-06-16,"Trinity United Methodist Church, Birmingham, Alabama",Buell Cobb,Mark Davis,Kathy Williams,,"Catherine Oss, Rosemary Greenaway, Cindy Franklin",Tom Owen,,SHM1991,SHM,Amanda Denson,,340,,,,,2026-07-20T16:34:37.666Z,4:34 PM
4,110,song,,e9ybap4i,,,National Sacred Harp Convention,2000-06-16,"Trinity United Methodist Church, Birmingham, Alabama",Buell Cobb,Mark Davis,Kathy Williams,,"Catherine Oss, Rosemary Greenaway, Cindy Franklin",Tom Owen,,SHM1991,SHM,Ted Johnson,,345b,,,,,2026-07-20T16:34:37.750Z,4:34 PM
4,111,song,,e9ybap4i,,,National Sacred Harp Convention,2000-06-16,"Trinity United Methodist Church, Birmingham, Alabama",Buell Cobb,Mark Davis,Kathy Williams,,"Catherine Oss, Rosemary Greenaway, Cindy Franklin",Tom Owen,,SHM1991,SHM,Melanie Hauff,,392,,,,,2026-07-20T16:34:37.951Z,4:34 PM
4,112,song,,e9ybap4i,,,National Sacred Harp Convention,2000-06-16,"Trinity United Methodist Church, Birmingham, Alabama",Buell Cobb,Mark Davis,Kathy Williams,,"Catherine Oss, Rosemary Greenaway, Cindy Franklin",Tom Owen,,SHM1991,SHM,Dr. Bill Stewart,,68b,,,,,2026-07-20T16:34:38.051Z,4:34 PM
4,113,song,,e9ybap4i,,,National Sacred Harp Convention,2000-06-16,"Trinity United Methodist Church, Birmingham, Alabama",Buell Cobb,Mark Davis,Kathy Williams,,"Catherine Oss, Rosemary Greenaway, Cindy Franklin",Tom Owen,,SHM1991,SHM,Anne Chalker,,146,,,,,2026-07-20T16:34:38.152Z,4:34 PM
4,114,song,,e9ybap4i,,,National Sacred Harp Convention,2000-06-16,"Trinity United Methodist Church, Birmingham, Alabama",Buell Cobb,Mark Davis,Kathy Williams,,"Catherine Oss, Rosemary Greenaway, Cindy Franklin",Tom Owen,,SHM1991,SHM,Marcia Johnson,,218,,,,,2026-07-20T16:34:38.242Z,4:34 PM
4,115,song,,e9ybap4i,,,National Sacred Harp Convention,2000-06-16,"Trinity United Methodist Church, Birmingham, Alabama",Buell Cobb,Mark Davis,Kathy Williams,,"Catherine Oss, Rosemary Greenaway, Cindy Franklin",Tom Owen,,SHM1991,SHM,Kennon Smith,,189,,,,,2026-07-20T16:34:38.324Z,4:34 PM
4,116,song,,e9ybap4i,,,National Sacred Harp Convention,2000-06-16,"Trinity United Methodist Church, Birmingham, Alabama",Buell Cobb,Mark Davis,Kathy Williams,,"Catherine Oss, Rosemary Greenaway, Cindy Franklin",Tom Owen,,SHM1991,SHM,Beverly Coates,,352,,,,,2026-07-20T16:34:38.416Z,4:34 PM
4,117,song,,e9ybap4i,,,National Sacred Harp Convention,2000-06-16,"Trinity United Methodist Church, Birmingham, Alabama",Buell Cobb,Mark Davis,Kathy Williams,,"Catherine Oss, Rosemary Greenaway, Cindy Franklin",Tom Owen,,SHM1991,SHM,Ginnie Ely,,454,,,,,2026-07-20T16:34:38.500Z,4:34 PM
4,118,song,,e9ybap4i,,,National Sacred Harp Convention,2000-06-16,"Trinity United Methodist Church, Birmingham, Alabama",Buell Cobb,Mark Davis,Kathy Williams,,"Catherine Oss, Rosemary Greenaway, Cindy Franklin",Tom Owen,,SHM1991,SHM,Kurt Davis,,45t,,,,,2026-07-20T16:34:38.588Z,4:34 PM
4,119,marker,,e9ybap4i,,,National Sacred Harp Convention,2000-06-16,"Trinity United Methodist Church, Birmingham, Alabama",Buell Cobb,Mark Davis,Kathy Williams,,"Catherine Oss, Rosemary Greenaway, Cindy Franklin",Tom Owen,,,,,,,,,,RECESS,2026-07-20T16:34:38.699Z,4:34 PM
4,120,song,,e9ybap4i,,,National Sacred Harp Convention,2000-06-16,"Trinity United Methodist Church, Birmingham, Alabama",Buell Cobb,Mark Davis,Kathy Williams,,"Catherine Oss, Rosemary Greenaway, Cindy Franklin",Tom Owen,,SHM1991,SHM,Cindy Franklin,,198,,Call Back,Called the class back together,,2026-07-20T16:34:38.816Z,4:34 PM
4,121,song,,e9ybap4i,,,National Sacred Harp Convention,2000-06-16,"Trinity United Methodist Church, Birmingham, Alabama",Buell Cobb,Mark Davis,Kathy Williams,,"Catherine Oss, Rosemary Greenaway, Cindy Franklin",Tom Owen,,SHM1991,SHM,Liz Bryant,,475,,,,,2026-07-20T16:34:39.015Z,4:34 PM
4,122,song,,e9ybap4i,,,National Sacred Harp Convention,2000-06-16,"Trinity United Methodist Church, Birmingham, Alabama",Buell Cobb,Mark Davis,Kathy Williams,,"Catherine Oss, Rosemary Greenaway, Cindy Franklin",Tom Owen,,SHM1991,SHM,Patricia Mauldin,,63,,,,,2026-07-20T16:34:39.111Z,4:34 PM
4,123,song,,e9ybap4i,,,National Sacred Harp Convention,2000-06-16,"Trinity United Methodist Church, Birmingham, Alabama",Buell Cobb,Mark Davis,Kathy Williams,,"Catherine Oss, Rosemary Greenaway, Cindy Franklin",Tom Owen,,SHM1991,SHM,Eugene Forbes,,566,,,,,2026-07-20T16:34:39.218Z,4:34 PM
4,124,song,,e9ybap4i,,,National Sacred Harp Convention,2000-06-16,"Trinity United Methodist Church, Birmingham, Alabama",Buell Cobb,Mark Davis,Kathy Williams,,"Catherine Oss, Rosemary Greenaway, Cindy Franklin",Tom Owen,,SHM1991,SHM,Edith Owen,,328,,,,,2026-07-20T16:34:39.302Z,4:34 PM
4,125,song,,e9ybap4i,,,National Sacred Harp Convention,2000-06-16,"Trinity United Methodist Church, Birmingham, Alabama",Buell Cobb,Mark Davis,Kathy Williams,,"Catherine Oss, Rosemary Greenaway, Cindy Franklin",Tom Owen,,SHM1991,SHM,Regina Foster,,547,,,,,2026-07-20T16:34:39.398Z,4:34 PM
4,126,song,,e9ybap4i,,,National Sacred Harp Convention,2000-06-16,"Trinity United Methodist Church, Birmingham, Alabama",Buell Cobb,Mark Davis,Kathy Williams,,"Catherine Oss, Rosemary Greenaway, Cindy Franklin",Tom Owen,,SHM1991,SHM,Jackson Harcrow,,145t,,,,,2026-07-20T16:34:39.505Z,4:34 PM
4,127,song,,e9ybap4i,,,National Sacred Harp Convention,2000-06-16,"Trinity United Methodist Church, Birmingham, Alabama",Buell Cobb,Mark Davis,Kathy Williams,,"Catherine Oss, Rosemary Greenaway, Cindy Franklin",Tom Owen,,SHM1991,SHM,Steven Schmidgall,,156,,,,,2026-07-20T16:34:39.600Z,4:34 PM
4,128,song,,e9ybap4i,,,National Sacred Harp Convention,2000-06-16,"Trinity United Methodist Church, Birmingham, Alabama",Buell Cobb,Mark Davis,Kathy Williams,,"Catherine Oss, Rosemary Greenaway, Cindy Franklin",Tom Owen,,SHM1991,SHM,Cora Sweatt,,145b,,,,,2026-07-20T16:34:39.690Z,4:34 PM
4,129,song,,e9ybap4i,,,National Sacred Harp Convention,2000-06-16,"Trinity United Methodist Church, Birmingham, Alabama",Buell Cobb,Mark Davis,Kathy Williams,,"Catherine Oss, Rosemary Greenaway, Cindy Franklin",Tom Owen,,SHM1991,SHM,Richard Ivey,,182,,,,,2026-07-20T16:34:39.788Z,4:34 PM
4,130,song,,e9ybap4i,,,National Sacred Harp Convention,2000-06-16,"Trinity United Methodist Church, Birmingham, Alabama",Buell Cobb,Mark Davis,Kathy Williams,,"Catherine Oss, Rosemary Greenaway, Cindy Franklin",Tom Owen,,SHM1991,SHM,Ann Ballard,,57,,,,,2026-07-20T16:34:39.873Z,4:34 PM
4,131,song,,e9ybap4i,,,National Sacred Harp Convention,2000-06-16,"Trinity United Methodist Church, Birmingham, Alabama",Buell Cobb,Mark Davis,Kathy Williams,,"Catherine Oss, Rosemary Greenaway, Cindy Franklin",Tom Owen,,SHM1991,SHM,Ed Snell,,460,,,,,2026-07-20T16:34:40.116Z,4:34 PM
4,132,song,,e9ybap4i,,,National Sacred Harp Convention,2000-06-16,"Trinity United Methodist Church, Birmingham, Alabama",Buell Cobb,Mark Davis,Kathy Williams,,"Catherine Oss, Rosemary Greenaway, Cindy Franklin",Tom Owen,,SHM1991,SHM,Velton Chafin,,573,,,,,2026-07-20T16:34:40.240Z,4:34 PM
4,133,song,,e9ybap4i,,,National Sacred Harp Convention,2000-06-16,"Trinity United Methodist Church, Birmingham, Alabama",Buell Cobb,Mark Davis,Kathy Williams,,"Catherine Oss, Rosemary Greenaway, Cindy Franklin",Tom Owen,,SHM1991,SHM,Bernice Harvey,,176b,,,,,2026-07-20T16:34:40.356Z,4:34 PM
4,134,song,,e9ybap4i,,,National Sacred Harp Convention,2000-06-16,"Trinity United Methodist Church, Birmingham, Alabama",Buell Cobb,Mark Davis,Kathy Williams,,"Catherine Oss, Rosemary Greenaway, Cindy Franklin",Tom Owen,,SHM1991,SHM,John Hocutt,,236,,,Elder Jesse Roberts led the prayer before lunch,,2026-07-20T16:34:40.455Z,4:34 PM
4,135,marker,,e9ybap4i,,,National Sacred Harp Convention,2000-06-16,"Trinity United Methodist Church, Birmingham, Alabama",Buell Cobb,Mark Davis,Kathy Williams,,"Catherine Oss, Rosemary Greenaway, Cindy Franklin",Tom Owen,,,,,,,,,,LUNCH,2026-07-20T16:34:40.560Z,4:34 PM
4,136,song,,e9ybap4i,,,National Sacred Harp Convention,2000-06-16,"Trinity United Methodist Church, Birmingham, Alabama",Buell Cobb,Mark Davis,Kathy Williams,,"Catherine Oss, Rosemary Greenaway, Cindy Franklin",Tom Owen,,SHM1991,SHM,Jeb Owen,,47b,,Call Back,Called the class back together after lunch,,2026-07-20T16:34:40.675Z,4:34 PM
4,137,song,,e9ybap4i,,,National Sacred Harp Convention,2000-06-16,"Trinity United Methodist Church, Birmingham, Alabama",Buell Cobb,Mark Davis,Kathy Williams,,"Catherine Oss, Rosemary Greenaway, Cindy Franklin",Tom Owen,,SHM1991,SHM,Hugh McGuire,,109,,,,,2026-07-20T16:34:40.779Z,4:34 PM
4,138,song,,e9ybap4i,,,National Sacred Harp Convention,2000-06-16,"Trinity United Methodist Church, Birmingham, Alabama",Buell Cobb,Mark Davis,Kathy Williams,,"Catherine Oss, Rosemary Greenaway, Cindy Franklin",Tom Owen,,SHM1991,SHM,Ricky Harcrow,,445,,,,,2026-07-20T16:34:40.886Z,4:34 PM
4,139,song,,e9ybap4i,,,National Sacred Harp Convention,2000-06-16,"Trinity United Methodist Church, Birmingham, Alabama",Buell Cobb,Mark Davis,Kathy Williams,,"Catherine Oss, Rosemary Greenaway, Cindy Franklin",Tom Owen,,SHM1991,SHM,Carol Crawford,,122,,,,,2026-07-20T16:34:41.000Z,4:34 PM
4,140,song,,e9ybap4i,,,National Sacred Harp Convention,2000-06-16,"Trinity United Methodist Church, Birmingham, Alabama",Buell Cobb,Mark Davis,Kathy Williams,,"Catherine Oss, Rosemary Greenaway, Cindy Franklin",Tom Owen,,SHM1991,SHM,Barney Roberson,,458,,,,,2026-07-20T16:34:41.205Z,4:34 PM
4,141,song,,e9ybap4i,,,National Sacred Harp Convention,2000-06-16,"Trinity United Methodist Church, Birmingham, Alabama",Buell Cobb,Mark Davis,Kathy Williams,,"Catherine Oss, Rosemary Greenaway, Cindy Franklin",Tom Owen,,SHM1991,SHM,Regina Grayson,,300,,,,,2026-07-20T16:34:41.320Z,4:34 PM
4,142,song,,e9ybap4i,,,National Sacred Harp Convention,2000-06-16,"Trinity United Methodist Church, Birmingham, Alabama",Buell Cobb,Mark Davis,Kathy Williams,,"Catherine Oss, Rosemary Greenaway, Cindy Franklin",Tom Owen,,SHM1991,SHM,Tim Cook,,511,,,,,2026-07-20T16:34:41.419Z,4:34 PM
4,143,song,,e9ybap4i,,,National Sacred Harp Convention,2000-06-16,"Trinity United Methodist Church, Birmingham, Alabama",Buell Cobb,Mark Davis,Kathy Williams,,"Catherine Oss, Rosemary Greenaway, Cindy Franklin",Tom Owen,,SHM1991,SHM,H.J. Jackson,,384,,,,,2026-07-20T16:34:41.532Z,4:34 PM
4,144,song,,e9ybap4i,,,National Sacred Harp Convention,2000-06-16,"Trinity United Methodist Church, Birmingham, Alabama",Buell Cobb,Mark Davis,Kathy Williams,,"Catherine Oss, Rosemary Greenaway, Cindy Franklin",Tom Owen,,SHM1991,SHM,Erskine Vandegrift,,59,,,,,2026-07-20T16:34:41.651Z,4:34 PM
4,145,song,,e9ybap4i,,,National Sacred Harp Convention,2000-06-16,"Trinity United Methodist Church, Birmingham, Alabama",Buell Cobb,Mark Davis,Kathy Williams,,"Catherine Oss, Rosemary Greenaway, Cindy Franklin",Tom Owen,,SHM1991,SHM,Samuel Holloway,,335,,,,,2026-07-20T16:34:41.761Z,4:34 PM
4,146,song,,e9ybap4i,,,National Sacred Harp Convention,2000-06-16,"Trinity United Methodist Church, Birmingham, Alabama",Buell Cobb,Mark Davis,Kathy Williams,,"Catherine Oss, Rosemary Greenaway, Cindy Franklin",Tom Owen,,SHM1991,SHM,Mary Gardner,,43,,,,,2026-07-20T16:34:41.881Z,4:34 PM
4,147,song,,e9ybap4i,,,National Sacred Harp Convention,2000-06-16,"Trinity United Methodist Church, Birmingham, Alabama",Buell Cobb,Mark Davis,Kathy Williams,,"Catherine Oss, Rosemary Greenaway, Cindy Franklin",Tom Owen,,SHM1991,SHM,Lou Cotney,,222,,,,,2026-07-20T16:34:41.990Z,4:34 PM
4,148,song,,e9ybap4i,,,National Sacred Harp Convention,2000-06-16,"Trinity United Methodist Church, Birmingham, Alabama",Buell Cobb,Mark Davis,Kathy Williams,,"Catherine Oss, Rosemary Greenaway, Cindy Franklin",Tom Owen,,SHM1991,SHM,Ted Mercer,,564,,,,,2026-07-20T16:34:42.089Z,4:34 PM
4,149,song,,e9ybap4i,,,National Sacred Harp Convention,2000-06-16,"Trinity United Methodist Church, Birmingham, Alabama",Buell Cobb,Mark Davis,Kathy Williams,,"Catherine Oss, Rosemary Greenaway, Cindy Franklin",Tom Owen,,SHM1991,SHM,Kshama Ananthapura,,319,,,,,2026-07-20T16:34:42.196Z,4:34 PM
4,150,song,,e9ybap4i,,,National Sacred Harp Convention,2000-06-16,"Trinity United Methodist Church, Birmingham, Alabama",Buell Cobb,Mark Davis,Kathy Williams,,"Catherine Oss, Rosemary Greenaway, Cindy Franklin",Tom Owen,,SHM1991,SHM,Charles Kitchens,,326,,,,,2026-07-20T16:34:42.444Z,4:34 PM
4,151,song,,e9ybap4i,,,National Sacred Harp Convention,2000-06-16,"Trinity United Methodist Church, Birmingham, Alabama",Buell Cobb,Mark Davis,Kathy Williams,,"Catherine Oss, Rosemary Greenaway, Cindy Franklin",Tom Owen,,SHM1991,SHM,Julietta Haynes,,200,,,,,2026-07-20T16:34:42.561Z,4:34 PM
4,152,song,,e9ybap4i,,,National Sacred Harp Convention,2000-06-16,"Trinity United Methodist Church, Birmingham, Alabama",Buell Cobb,Mark Davis,Kathy Williams,,"Catherine Oss, Rosemary Greenaway, Cindy Franklin",Tom Owen,,SHM1991,SHM,Rodney Ivey,,503,,,,,2026-07-20T16:34:42.675Z,4:34 PM
4,153,song,,e9ybap4i,,,National Sacred Harp Convention,2000-06-16,"Trinity United Methodist Church, Birmingham, Alabama",Buell Cobb,Mark Davis,Kathy Williams,,"Catherine Oss, Rosemary Greenaway, Cindy Franklin",Tom Owen,,SHM1991,SHM,Ola Meadows,,426t,,,,,2026-07-20T16:34:42.792Z,4:34 PM
4,154,song,,e9ybap4i,,,National Sacred Harp Convention,2000-06-16,"Trinity United Methodist Church, Birmingham, Alabama",Buell Cobb,Mark Davis,Kathy Williams,,"Catherine Oss, Rosemary Greenaway, Cindy Franklin",Tom Owen,,SHM1991,SHM,Mark Brown,,29t,,,,,2026-07-20T16:34:42.904Z,4:34 PM
4,155,song,,e9ybap4i,,,National Sacred Harp Convention,2000-06-16,"Trinity United Methodist Church, Birmingham, Alabama",Buell Cobb,Mark Davis,Kathy Williams,,"Catherine Oss, Rosemary Greenaway, Cindy Franklin",Tom Owen,,SHM1991,SHM,Shelbie Sheppard,,195,,,,,2026-07-20T16:34:43.017Z,4:34 PM
4,156,marker,,e9ybap4i,,,National Sacred Harp Convention,2000-06-16,"Trinity United Methodist Church, Birmingham, Alabama",Buell Cobb,Mark Davis,Kathy Williams,,"Catherine Oss, Rosemary Greenaway, Cindy Franklin",Tom Owen,,,,,,,,,,RECESS,2026-07-20T16:34:43.132Z,4:34 PM
4,157,song,,e9ybap4i,,,National Sacred Harp Convention,2000-06-16,"Trinity United Methodist Church, Birmingham, Alabama",Buell Cobb,Mark Davis,Kathy Williams,,"Catherine Oss, Rosemary Greenaway, Cindy Franklin",Tom Owen,,SHM1991,SHM,Louis Hughes,,31t,,Call Back,Called the class back together,,2026-07-20T16:34:43.258Z,4:34 PM
4,158,song,,e9ybap4i,,,National Sacred Harp Convention,2000-06-16,"Trinity United Methodist Church, Birmingham, Alabama",Buell Cobb,Mark Davis,Kathy Williams,,"Catherine Oss, Rosemary Greenaway, Cindy Franklin",Tom Owen,,SHM1991,SHM,Linda Shea,,67,,,,,2026-07-20T16:34:43.420Z,4:34 PM
4,159,song,,e9ybap4i,,,National Sacred Harp Convention,2000-06-16,"Trinity United Methodist Church, Birmingham, Alabama",Buell Cobb,Mark Davis,Kathy Williams,,"Catherine Oss, Rosemary Greenaway, Cindy Franklin",Tom Owen,,SHM1991,SHM,Danny Creel,,269,,,,,2026-07-20T16:34:43.668Z,4:34 PM
4,160,song,,e9ybap4i,,,National Sacred Harp Convention,2000-06-16,"Trinity United Methodist Church, Birmingham, Alabama",Buell Cobb,Mark Davis,Kathy Williams,,"Catherine Oss, Rosemary Greenaway, Cindy Franklin",Tom Owen,,SHM1991,SHM,Betty Jones,,523,,,,,2026-07-20T16:34:43.794Z,4:34 PM
4,161,song,,e9ybap4i,,,National Sacred Harp Convention,2000-06-16,"Trinity United Methodist Church, Birmingham, Alabama",Buell Cobb,Mark Davis,Kathy Williams,,"Catherine Oss, Rosemary Greenaway, Cindy Franklin",Tom Owen,,SHM1991,SHM,Liz Rogan,,542,,,,,2026-07-20T16:34:43.923Z,4:34 PM
4,162,song,,e9ybap4i,,,National Sacred Harp Convention,2000-06-16,"Trinity United Methodist Church, Birmingham, Alabama",Buell Cobb,Mark Davis,Kathy Williams,,"Catherine Oss, Rosemary Greenaway, Cindy Franklin",Tom Owen,,SHM1991,SHM,Jeannette DePoy,,39b,,,,,2026-07-20T16:34:44.054Z,4:34 PM
4,163,song,,e9ybap4i,,,National Sacred Harp Convention,2000-06-16,"Trinity United Methodist Church, Birmingham, Alabama",Buell Cobb,Mark Davis,Kathy Williams,,"Catherine Oss, Rosemary Greenaway, Cindy Franklin",Tom Owen,,SHM1991,SHM,Allison Schofield,,442,,,,,2026-07-20T16:34:44.182Z,4:34 PM
4,164,song,,e9ybap4i,,,National Sacred Harp Convention,2000-06-16,"Trinity United Methodist Church, Birmingham, Alabama",Buell Cobb,Mark Davis,Kathy Williams,,"Catherine Oss, Rosemary Greenaway, Cindy Franklin",Tom Owen,,SHM1991,SHM,Hannah Roberts,,276,,,,,2026-07-20T16:34:44.314Z,4:34 PM
4,165,song,,e9ybap4i,,,National Sacred Harp Convention,2000-06-16,"Trinity United Methodist Church, Birmingham, Alabama",Buell Cobb,Mark Davis,Kathy Williams,,"Catherine Oss, Rosemary Greenaway, Cindy Franklin",Tom Owen,,SHM1991,SHM,Scott DePoy,,282,,,,,2026-07-20T16:34:44.436Z,4:34 PM
4,166,song,,e9ybap4i,,,National Sacred Harp Convention,2000-06-16,"Trinity United Methodist Church, Birmingham, Alabama",Buell Cobb,Mark Davis,Kathy Williams,,"Catherine Oss, Rosemary Greenaway, Cindy Franklin",Tom Owen,,SHM1991,SHM,Matthew Wojcik,,532,,,,,2026-07-20T16:34:44.565Z,4:34 PM
4,167,song,,e9ybap4i,,,National Sacred Harp Convention,2000-06-16,"Trinity United Methodist Church, Birmingham, Alabama",Buell Cobb,Mark Davis,Kathy Williams,,"Catherine Oss, Rosemary Greenaway, Cindy Franklin",Tom Owen,,SHM1991,SHM,Amber Springfield,,391,,,,,2026-07-20T16:34:44.799Z,4:34 PM
4,168,song,,e9ybap4i,,,National Sacred Harp Convention,2000-06-16,"Trinity United Methodist Church, Birmingham, Alabama",Buell Cobb,Mark Davis,Kathy Williams,,"Catherine Oss, Rosemary Greenaway, Cindy Franklin",Tom Owen,,SHM1991,SHM,Janice Hecksel,,481,,,,,2026-07-20T16:34:44.935Z,4:34 PM
4,169,song,,e9ybap4i,,,National Sacred Harp Convention,2000-06-16,"Trinity United Methodist Church, Birmingham, Alabama",Buell Cobb,Mark Davis,Kathy Williams,,"Catherine Oss, Rosemary Greenaway, Cindy Franklin",Tom Owen,,SHM1991,SHM,Duncan Vinson,,284,,,,,2026-07-20T16:34:45.068Z,4:34 PM
4,170,song,,e9ybap4i,,,National Sacred Harp Convention,2000-06-16,"Trinity United Methodist Church, Birmingham, Alabama",Buell Cobb,Mark Davis,Kathy Williams,,"Catherine Oss, Rosemary Greenaway, Cindy Franklin",Tom Owen,,SHM1991,SHM,Barbara Swetman,,203,,,,,2026-07-20T16:34:45.216Z,4:34 PM
4,171,song,,e9ybap4i,,,National Sacred Harp Convention,2000-06-16,"Trinity United Methodist Church, Birmingham, Alabama",Buell Cobb,Mark Davis,Kathy Williams,,"Catherine Oss, Rosemary Greenaway, Cindy Franklin",Tom Owen,,SHM1991,SHM,Ashley Keeton,,196,,,,,2026-07-20T16:34:45.358Z,4:34 PM
4,172,song,,e9ybap4i,,,National Sacred Harp Convention,2000-06-16,"Trinity United Methodist Church, Birmingham, Alabama",Buell Cobb,Mark Davis,Kathy Williams,,"Catherine Oss, Rosemary Greenaway, Cindy Franklin",Tom Owen,,SHM1991,SHM,Jesse Roberts,,299,,,,,2026-07-20T16:34:45.494Z,4:34 PM
4,173,song,,e9ybap4i,,,National Sacred Harp Convention,2000-06-16,"Trinity United Methodist Church, Birmingham, Alabama",Buell Cobb,Mark Davis,Kathy Williams,,"Catherine Oss, Rosemary Greenaway, Cindy Franklin",Tom Owen,,SHM1991,SHM,"Buell Cobb, Mark Davis",Buell Cobb and Mark Davis,323t,,,Closing song for the day; Elder Ricky Harcrow led the closing prayer,,2026-07-20T16:34:45.645Z,4:34 PM
4,174,session,Saturday,fs3ma9nc,,,National Sacred Harp Convention,2000-06-17,"Trinity United Methodist Church, Birmingham, Alabama",Buell Cobb,Mark Davis,Kathy Williams,,"Catherine Oss, Rosemary Greenaway, Cindy Franklin",Tom Owen,,,,,,,,,,,2026-07-20T16:34:45.785Z,4:34 PM
4,175,song,,fs3ma9nc,,,National Sacred Harp Convention,2000-06-17,"Trinity United Methodist Church, Birmingham, Alabama",Buell Cobb,Mark Davis,Kathy Williams,,"Catherine Oss, Rosemary Greenaway, Cindy Franklin",Tom Owen,,OTHER,,Buell Cobb,,,Page 82 (top or bottom uncertain in original minutes),,Called the class to order; Louis Hughes led the opening prayer. Original minutes note page 82 with both t/b linked; which half isn't specified,,2026-07-20T16:34:46.025Z,4:34 PM
4,176,song,,fs3ma9nc,,,National Sacred Harp Convention,2000-06-17,"Trinity United Methodist Church, Birmingham, Alabama",Buell Cobb,Mark Davis,Kathy Williams,,"Catherine Oss, Rosemary Greenaway, Cindy Franklin",Tom Owen,,SHM1991,SHM,Kathy Williams,,180,,,,,2026-07-20T16:34:46.182Z,4:34 PM
4,177,song,,fs3ma9nc,,,National Sacred Harp Convention,2000-06-17,"Trinity United Methodist Church, Birmingham, Alabama",Buell Cobb,Mark Davis,Kathy Williams,,"Catherine Oss, Rosemary Greenaway, Cindy Franklin",Tom Owen,,SHM1991,SHM,John Redman,,362,,,,,2026-07-20T16:34:46.309Z,4:34 PM
4,178,song,,fs3ma9nc,,,National Sacred Harp Convention,2000-06-17,"Trinity United Methodist Church, Birmingham, Alabama",Buell Cobb,Mark Davis,Kathy Williams,,"Catherine Oss, Rosemary Greenaway, Cindy Franklin",Tom Owen,,SHM1991,SHM,Rosemary Greenaway,,171,,,,,2026-07-20T16:34:46.453Z,4:34 PM
4,179,song,,fs3ma9nc,,,National Sacred Harp Convention,2000-06-17,"Trinity United Methodist Church, Birmingham, Alabama",Buell Cobb,Mark Davis,Kathy Williams,,"Catherine Oss, Rosemary Greenaway, Cindy Franklin",Tom Owen,,SHM1991,SHM,Tom Owen,,385t,,,,,2026-07-20T16:34:46.585Z,4:34 PM
4,180,song,,fs3ma9nc,,,National Sacred Harp Convention,2000-06-17,"Trinity United Methodist Church, Birmingham, Alabama",Buell Cobb,Mark Davis,Kathy Williams,,"Catherine Oss, Rosemary Greenaway, Cindy Franklin",Tom Owen,,SHM1991,SHM,Sharona Nelson,,66,,,,,2026-07-20T16:34:46.732Z,4:34 PM
4,181,song,,fs3ma9nc,,,National Sacred Harp Convention,2000-06-17,"Trinity United Methodist Church, Birmingham, Alabama",Buell Cobb,Mark Davis,Kathy Williams,,"Catherine Oss, Rosemary Greenaway, Cindy Franklin",Tom Owen,,SHM1991,SHM,Don Bowen,,350,,,,,2026-07-20T16:34:46.867Z,4:34 PM
4,182,song,,fs3ma9nc,,,National Sacred Harp Convention,2000-06-17,"Trinity United Methodist Church, Birmingham, Alabama",Buell Cobb,Mark Davis,Kathy Williams,,"Catherine Oss, Rosemary Greenaway, Cindy Franklin",Tom Owen,,SHM1991,SHM,Lee Rogers,,425,,,,,2026-07-20T16:34:47.021Z,4:34 PM
4,183,song,,fs3ma9nc,,,National Sacred Harp Convention,2000-06-17,"Trinity United Methodist Church, Birmingham, Alabama",Buell Cobb,Mark Davis,Kathy Williams,,"Catherine Oss, Rosemary Greenaway, Cindy Franklin",Tom Owen,,SHM1991,SHM,Richard Mauldin,,36b,,,,,2026-07-20T16:34:47.273Z,4:34 PM
4,184,song,,fs3ma9nc,,,National Sacred Harp Convention,2000-06-17,"Trinity United Methodist Church, Birmingham, Alabama",Buell Cobb,Mark Davis,Kathy Williams,,"Catherine Oss, Rosemary Greenaway, Cindy Franklin",Tom Owen,,SHM1991,SHM,Catherine Oss,,189,,,,,2026-07-20T16:34:47.429Z,4:34 PM
4,185,song,,fs3ma9nc,,,National Sacred Harp Convention,2000-06-17,"Trinity United Methodist Church, Birmingham, Alabama",Buell Cobb,Mark Davis,Kathy Williams,,"Catherine Oss, Rosemary Greenaway, Cindy Franklin",Tom Owen,,SHM1991,SHM,Teenie Moody,,430,,,,,2026-07-20T16:34:47.642Z,4:34 PM
4,186,song,,fs3ma9nc,,,National Sacred Harp Convention,2000-06-17,"Trinity United Methodist Church, Birmingham, Alabama",Buell Cobb,Mark Davis,Kathy Williams,,"Catherine Oss, Rosemary Greenaway, Cindy Franklin",Tom Owen,,SHM1991,SHM,Gary Smith,,569b,,,,,2026-07-20T16:34:47.823Z,4:34 PM
4,187,song,,fs3ma9nc,,,National Sacred Harp Convention,2000-06-17,"Trinity United Methodist Church, Birmingham, Alabama",Buell Cobb,Mark Davis,Kathy Williams,,"Catherine Oss, Rosemary Greenaway, Cindy Franklin",Tom Owen,,SHM1991,SHM,Toney Smith,,380,,,,,2026-07-20T16:34:47.980Z,4:34 PM
4,188,song,,fs3ma9nc,,,National Sacred Harp Convention,2000-06-17,"Trinity United Methodist Church, Birmingham, Alabama",Buell Cobb,Mark Davis,Kathy Williams,,"Catherine Oss, Rosemary Greenaway, Cindy Franklin",Tom Owen,,SHM1991,SHM,Bob Meek,,384,,,,,2026-07-20T16:34:48.139Z,4:34 PM
4,189,song,,fs3ma9nc,,,National Sacred Harp Convention,2000-06-17,"Trinity United Methodist Church, Birmingham, Alabama",Buell Cobb,Mark Davis,Kathy Williams,,"Catherine Oss, Rosemary Greenaway, Cindy Franklin",Tom Owen,,SHM1991,SHM,"Jim Crawford, Carol Crawford",Jim Crawford and Carol Crawford,268,,,,,2026-07-20T16:34:48.301Z,4:34 PM
4,190,song,,fs3ma9nc,,,National Sacred Harp Convention,2000-06-17,"Trinity United Methodist Church, Birmingham, Alabama",Buell Cobb,Mark Davis,Kathy Williams,,"Catherine Oss, Rosemary Greenaway, Cindy Franklin",Tom Owen,,SHM1991,SHM,"Nate Green, Norma Green",Nate Green and Norma Green,389,,,,,2026-07-20T16:34:48.586Z,4:34 PM
4,191,song,,fs3ma9nc,,,National Sacred Harp Convention,2000-06-17,"Trinity United Methodist Church, Birmingham, Alabama",Buell Cobb,Mark Davis,Kathy Williams,,"Catherine Oss, Rosemary Greenaway, Cindy Franklin",Tom Owen,,SHM1991,SHM,Phillip Langley,,112,,,,,2026-07-20T16:34:48.740Z,4:34 PM
4,192,song,,fs3ma9nc,,,National Sacred Harp Convention,2000-06-17,"Trinity United Methodist Church, Birmingham, Alabama",Buell Cobb,Mark Davis,Kathy Williams,,"Catherine Oss, Rosemary Greenaway, Cindy Franklin",Tom Owen,,SHM1991,SHM,Merle Mateika,,475,,,,,2026-07-20T16:34:48.902Z,4:34 PM
4,193,song,,fs3ma9nc,,,National Sacred Harp Convention,2000-06-17,"Trinity United Methodist Church, Birmingham, Alabama",Buell Cobb,Mark Davis,Kathy Williams,,"Catherine Oss, Rosemary Greenaway, Cindy Franklin",Tom Owen,,SHM1991,SHM,Laura Clawson,,72b,,,,,2026-07-20T16:34:49.046Z,4:34 PM
4,194,marker,,fs3ma9nc,,,National Sacred Harp Convention,2000-06-17,"Trinity United Methodist Church, Birmingham, Alabama",Buell Cobb,Mark Davis,Kathy Williams,,"Catherine Oss, Rosemary Greenaway, Cindy Franklin",Tom Owen,,,,,,,,,,RECESS,2026-07-20T16:34:49.195Z,4:34 PM
4,195,song,,fs3ma9nc,,,National Sacred Harp Convention,2000-06-17,"Trinity United Methodist Church, Birmingham, Alabama",Buell Cobb,Mark Davis,Kathy Williams,,"Catherine Oss, Rosemary Greenaway, Cindy Franklin",Tom Owen,,SHM1991,SHM,Seth Holloway,,354b,,Call Back,Called the class to order,,2026-07-20T16:34:49.352Z,4:34 PM
4,196,song,,fs3ma9nc,,,National Sacred Harp Convention,2000-06-17,"Trinity United Methodist Church, Birmingham, Alabama",Buell Cobb,Mark Davis,Kathy Williams,,"Catherine Oss, Rosemary Greenaway, Cindy Franklin",Tom Owen,,SHM1991,SHM,David Ivey,,135,,,,,2026-07-20T16:34:49.503Z,4:34 PM
4,197,song,,fs3ma9nc,,,National Sacred Harp Convention,2000-06-17,"Trinity United Methodist Church, Birmingham, Alabama",Buell Cobb,Mark Davis,Kathy Williams,,"Catherine Oss, Rosemary Greenaway, Cindy Franklin",Tom Owen,,SHM1991,SHM,Mirjana Lausevic,,131b,,,,,2026-07-20T16:34:49.646Z,4:34 PM
4,198,song,,fs3ma9nc,,,National Sacred Harp Convention,2000-06-17,"Trinity United Methodist Church, Birmingham, Alabama",Buell Cobb,Mark Davis,Kathy Williams,,"Catherine Oss, Rosemary Greenaway, Cindy Franklin",Tom Owen,,SHM1991,SHM,Jim Carnes,,35,,,,,2026-07-20T16:34:49.957Z,4:34 PM
4,199,song,,fs3ma9nc,,,National Sacred Harp Convention,2000-06-17,"Trinity United Methodist Church, Birmingham, Alabama",Buell Cobb,Mark Davis,Kathy Williams,,"Catherine Oss, Rosemary Greenaway, Cindy Franklin",Tom Owen,,SHM1991,SHM,"Tommy George, Jarrod George",Tommy George and Jarrod George,146,,,,,2026-07-20T16:34:50.118Z,4:34 PM
4,200,song,,fs3ma9nc,,,National Sacred Harp Convention,2000-06-17,"Trinity United Methodist Church, Birmingham, Alabama",Buell Cobb,Mark Davis,Kathy Williams,,"Catherine Oss, Rosemary Greenaway, Cindy Franklin",Tom Owen,,SHM1991,SHM,John Plunkett,,308,,,,,2026-07-20T16:34:50.260Z,4:34 PM
4,201,song,,fs3ma9nc,,,National Sacred Harp Convention,2000-06-17,"Trinity United Methodist Church, Birmingham, Alabama",Buell Cobb,Mark Davis,Kathy Williams,,"Catherine Oss, Rosemary Greenaway, Cindy Franklin",Tom Owen,,SHM1991,SHM,Mary Smith,,302,,,,,2026-07-20T16:34:50.418Z,4:34 PM
4,202,song,,fs3ma9nc,,,National Sacred Harp Convention,2000-06-17,"Trinity United Methodist Church, Birmingham, Alabama",Buell Cobb,Mark Davis,Kathy Williams,,"Catherine Oss, Rosemary Greenaway, Cindy Franklin",Tom Owen,,SHM1991,SHM,Denise Morris,,184,,,,,2026-07-20T16:34:50.573Z,4:34 PM
4,203,song,,fs3ma9nc,,,National Sacred Harp Convention,2000-06-17,"Trinity United Methodist Church, Birmingham, Alabama",Buell Cobb,Mark Davis,Kathy Williams,,"Catherine Oss, Rosemary Greenaway, Cindy Franklin",Tom Owen,,SHM1991,SHM,Sarah Beasley Smith,,108t,,,,,2026-07-20T16:34:50.725Z,4:34 PM
4,204,song,,fs3ma9nc,,,National Sacred Harp Convention,2000-06-17,"Trinity United Methodist Church, Birmingham, Alabama",Buell Cobb,Mark Davis,Kathy Williams,,"Catherine Oss, Rosemary Greenaway, Cindy Franklin",Tom Owen,,SHM1991,SHM,Allison Ivey,,300,,,,,2026-07-20T16:34:50.884Z,4:34 PM
4,205,song,,fs3ma9nc,,,National Sacred Harp Convention,2000-06-17,"Trinity United Methodist Church, Birmingham, Alabama",Buell Cobb,Mark Davis,Kathy Williams,,"Catherine Oss, Rosemary Greenaway, Cindy Franklin",Tom Owen,,SHM1991,SHM,Jeff Colby,,335,,,,,2026-07-20T16:34:51.046Z,4:34 PM
4,206,song,,fs3ma9nc,,,National Sacred Harp Convention,2000-06-17,"Trinity United Methodist Church, Birmingham, Alabama",Buell Cobb,Mark Davis,Kathy Williams,,"Catherine Oss, Rosemary Greenaway, Cindy Franklin",Tom Owen,,SHM1991,SHM,Betty Wright,,323b,,,,,2026-07-20T16:34:51.326Z,4:34 PM
4,207,song,,fs3ma9nc,,,National Sacred Harp Convention,2000-06-17,"Trinity United Methodist Church, Birmingham, Alabama",Buell Cobb,Mark Davis,Kathy Williams,,"Catherine Oss, Rosemary Greenaway, Cindy Franklin",Tom Owen,,SHM1991,SHM,Eloise Watkins,,34b,,,,,2026-07-20T16:34:51.493Z,4:34 PM
4,208,song,,fs3ma9nc,,,National Sacred Harp Convention,2000-06-17,"Trinity United Methodist Church, Birmingham, Alabama",Buell Cobb,Mark Davis,Kathy Williams,,"Catherine Oss, Rosemary Greenaway, Cindy Franklin",Tom Owen,,SHM1991,SHM,David Carlton,,106,,,,,2026-07-20T16:34:51.658Z,4:34 PM
4,209,song,,fs3ma9nc,,,National Sacred Harp Convention,2000-06-17,"Trinity United Methodist Church, Birmingham, Alabama",Buell Cobb,Mark Davis,Kathy Williams,,"Catherine Oss, Rosemary Greenaway, Cindy Franklin",Tom Owen,,SHM1991,SHM,Tim Reynolds,,86,,,,,2026-07-20T16:34:51.810Z,4:34 PM
4,210,marker,,fs3ma9nc,,,National Sacred Harp Convention,2000-06-17,"Trinity United Methodist Church, Birmingham, Alabama",Buell Cobb,Mark Davis,Kathy Williams,,"Catherine Oss, Rosemary Greenaway, Cindy Franklin",Tom Owen,,,,,,,,,,RECESS,2026-07-20T16:34:51.976Z,4:34 PM
4,211,song,,fs3ma9nc,,,National Sacred Harp Convention,2000-06-17,"Trinity United Methodist Church, Birmingham, Alabama",Buell Cobb,Mark Davis,Kathy Williams,,"Catherine Oss, Rosemary Greenaway, Cindy Franklin",Tom Owen,,SHM1991,SHM,Richard DeLong,,134,,Call Back,Called the class back,,2026-07-20T16:34:52.152Z,4:34 PM
4,212,song,,fs3ma9nc,,,National Sacred Harp Convention,2000-06-17,"Trinity United Methodist Church, Birmingham, Alabama",Buell Cobb,Mark Davis,Kathy Williams,,"Catherine Oss, Rosemary Greenaway, Cindy Franklin",Tom Owen,,SHM1991,SHM,Susan Harcrow,,178,,,,,2026-07-20T16:34:52.318Z,4:34 PM
4,213,song,,fs3ma9nc,,,National Sacred Harp Convention,2000-06-17,"Trinity United Methodist Church, Birmingham, Alabama",Buell Cobb,Mark Davis,Kathy Williams,,"Catherine Oss, Rosemary Greenaway, Cindy Franklin",Tom Owen,,SHM1991,SHM,Sandie Scott,,40,,,,,2026-07-20T16:34:52.691Z,4:34 PM
4,214,song,,fs3ma9nc,,,National Sacred Harp Convention,2000-06-17,"Trinity United Methodist Church, Birmingham, Alabama",Buell Cobb,Mark Davis,Kathy Williams,,"Catherine Oss, Rosemary Greenaway, Cindy Franklin",Tom Owen,,SHM1991,SHM,Mike Hinton,,235,,Memorial,"Memorial lesson. Lee Rogers gave opening remarks; Kelly House spoke in memory of her sister Karen House; Mike Hinton spoke on the hollow square. Deceased: Homer Brothers, Virgil Phillips, Alice Williams, Everette Kilgo, Williard Hooper, James Theo Grayson, Ester Wall Brown, Antoinette Swetman, Dr. Clyde Terrell, Dot Long — Alabama; Dollie DeLong Hudgins, Allene Lambert Stanford, Lizzie Ralston — Georgia; Alice Kuiper — Illinois; Susan Hildreth, Vivian Roberts — North Carolina; Duward Scarbrough, Ruby Easley, Neeva Dee Mayes — Mississippi; Patrick Waddell — California; Martin Ambrose — Kentucky; Chris Randgaard — Minnesota; Karen House, Karen Hamilton — New York; Catherine Dorsey — Ohio; Ed Craig — Texas; Tommie Lee Frederick Wigington — Virginia; Leslie Wragg — United Kingdom",,2026-07-20T16:34:52.877Z,4:34 PM
4,215,song,,fs3ma9nc,,,National Sacred Harp Convention,2000-06-17,"Trinity United Methodist Church, Birmingham, Alabama",Buell Cobb,Mark Davis,Kathy Williams,,"Catherine Oss, Rosemary Greenaway, Cindy Franklin",Tom Owen,,SHM1991,SHM,Jeb Owen,,68b,,Special,For the sick and homebound. Chaplain Tom Owen led prayer to close the memorial lesson,,2026-07-20T16:34:53.064Z,4:34 PM
4,216,song,,fs3ma9nc,,,National Sacred Harp Convention,2000-06-17,"Trinity United Methodist Church, Birmingham, Alabama",Buell Cobb,Mark Davis,Kathy Williams,,"Catherine Oss, Rosemary Greenaway, Cindy Franklin",Tom Owen,,SHM1991,SHM,Elene Stovall,,440,,,Elder Jesse Roberts led the prayer before lunch,,2026-07-20T16:34:53.250Z,4:34 PM
4,217,marker,,fs3ma9nc,,,National Sacred Harp Convention,2000-06-17,"Trinity United Methodist Church, Birmingham, Alabama",Buell Cobb,Mark Davis,Kathy Williams,,"Catherine Oss, Rosemary Greenaway, Cindy Franklin",Tom Owen,,,,,,,,,,LUNCH,2026-07-20T16:34:53.429Z,4:34 PM
4,218,song,,fs3ma9nc,,,National Sacred Harp Convention,2000-06-17,"Trinity United Methodist Church, Birmingham, Alabama",Buell Cobb,Mark Davis,Kathy Williams,,"Catherine Oss, Rosemary Greenaway, Cindy Franklin",Tom Owen,,SHM1991,SHM,Dennis George,,220,,Call Back,Called the afternoon session together,,2026-07-20T16:34:53.600Z,4:34 PM
4,219,song,,fs3ma9nc,,,National Sacred Harp Convention,2000-06-17,"Trinity United Methodist Church, Birmingham, Alabama",Buell Cobb,Mark Davis,Kathy Williams,,"Catherine Oss, Rosemary Greenaway, Cindy Franklin",Tom Owen,,SHM1991,SHM,Karen Ivey,,405,,,,,2026-07-20T16:34:53.775Z,4:34 PM
4,220,song,,fs3ma9nc,,,National Sacred Harp Convention,2000-06-17,"Trinity United Methodist Church, Birmingham, Alabama",Buell Cobb,Mark Davis,Kathy Williams,,"Catherine Oss, Rosemary Greenaway, Cindy Franklin",Tom Owen,,SHM1991,SHM,Hugh McGraw,,413,,,,,2026-07-20T16:34:53.935Z,4:34 PM
4,221,song,,fs3ma9nc,,,National Sacred Harp Convention,2000-06-17,"Trinity United Methodist Church, Birmingham, Alabama",Buell Cobb,Mark Davis,Kathy Williams,,"Catherine Oss, Rosemary Greenaway, Cindy Franklin",Tom Owen,,SHM1991,SHM,Jarrod George,,358,,,,,2026-07-20T16:34:54.202Z,4:34 PM
4,222,song,,fs3ma9nc,,,National Sacred Harp Convention,2000-06-17,"Trinity United Methodist Church, Birmingham, Alabama",Buell Cobb,Mark Davis,Kathy Williams,,"Catherine Oss, Rosemary Greenaway, Cindy Franklin",Tom Owen,,SHM1991,SHM,Dorothea McCowan,,304,,,,,2026-07-20T16:34:54.364Z,4:34 PM
4,223,song,,fs3ma9nc,,,National Sacred Harp Convention,2000-06-17,"Trinity United Methodist Church, Birmingham, Alabama",Buell Cobb,Mark Davis,Kathy Williams,,"Catherine Oss, Rosemary Greenaway, Cindy Franklin",Tom Owen,,SHM1991,SHM,Pam Nunn,,236,,,,,2026-07-20T16:34:54.542Z,4:34 PM
4,224,song,,fs3ma9nc,,,National Sacred Harp Convention,2000-06-17,"Trinity United Methodist Church, Birmingham, Alabama",Buell Cobb,Mark Davis,Kathy Williams,,"Catherine Oss, Rosemary Greenaway, Cindy Franklin",Tom Owen,,SHM1991,SHM,Judy Mincey,,501,,,,,2026-07-20T16:34:54.708Z,4:34 PM
4,225,song,,fs3ma9nc,,,National Sacred Harp Convention,2000-06-17,"Trinity United Methodist Church, Birmingham, Alabama",Buell Cobb,Mark Davis,Kathy Williams,,"Catherine Oss, Rosemary Greenaway, Cindy Franklin",Tom Owen,,SHM1991,SHM,Margie Dietz,,312b,,,,,2026-07-20T16:34:54.886Z,4:34 PM
4,226,song,,fs3ma9nc,,,National Sacred Harp Convention,2000-06-17,"Trinity United Methodist Church, Birmingham, Alabama",Buell Cobb,Mark Davis,Kathy Williams,,"Catherine Oss, Rosemary Greenaway, Cindy Franklin",Tom Owen,,SHM1991,SHM,Daryl Chesney,,163t,,,,,2026-07-20T16:34:55.064Z,4:34 PM
4,227,song,,fs3ma9nc,,,National Sacred Harp Convention,2000-06-17,"Trinity United Methodist Church, Birmingham, Alabama",Buell Cobb,Mark Davis,Kathy Williams,,"Catherine Oss, Rosemary Greenaway, Cindy Franklin",Tom Owen,,SHM1991,SHM,Jesse Roberts,,379,,,,,2026-07-20T16:34:55.352Z,4:34 PM
4,228,song,,fs3ma9nc,,,National Sacred Harp Convention,2000-06-17,"Trinity United Methodist Church, Birmingham, Alabama",Buell Cobb,Mark Davis,Kathy Williams,,"Catherine Oss, Rosemary Greenaway, Cindy Franklin",Tom Owen,,SHM1991,SHM,Carroll Lunsford,,153,,,,,2026-07-20T16:34:55.527Z,4:34 PM
4,229,song,,fs3ma9nc,,,National Sacred Harp Convention,2000-06-17,"Trinity United Methodist Church, Birmingham, Alabama",Buell Cobb,Mark Davis,Kathy Williams,,"Catherine Oss, Rosemary Greenaway, Cindy Franklin",Tom Owen,,SHM1991,SHM,Odom Hawkins,,32t,,,,,2026-07-20T16:34:55.745Z,4:34 PM
4,230,song,,fs3ma9nc,,,National Sacred Harp Convention,2000-06-17,"Trinity United Methodist Church, Birmingham, Alabama",Buell Cobb,Mark Davis,Kathy Williams,,"Catherine Oss, Rosemary Greenaway, Cindy Franklin",Tom Owen,,SHM1991,SHM,Helen Brown,,446,,,,,2026-07-20T16:34:55.920Z,4:34 PM
4,231,song,,fs3ma9nc,,,National Sacred Harp Convention,2000-06-17,"Trinity United Methodist Church, Birmingham, Alabama",Buell Cobb,Mark Davis,Kathy Williams,,"Catherine Oss, Rosemary Greenaway, Cindy Franklin",Tom Owen,,SHM1991,SHM,Rodney Ivey,,186,,,,,2026-07-20T16:34:56.092Z,4:34 PM
4,232,song,,fs3ma9nc,,,National Sacred Harp Convention,2000-06-17,"Trinity United Methodist Church, Birmingham, Alabama",Buell Cobb,Mark Davis,Kathy Williams,,"Catherine Oss, Rosemary Greenaway, Cindy Franklin",Tom Owen,,SHM1991,SHM,Allison Schofield,,448t,,,,,2026-07-20T16:34:56.251Z,4:34 PM
4,233,song,,fs3ma9nc,,,National Sacred Harp Convention,2000-06-17,"Trinity United Methodist Church, Birmingham, Alabama",Buell Cobb,Mark Davis,Kathy Williams,,"Catherine Oss, Rosemary Greenaway, Cindy Franklin",Tom Owen,,SHM1991,SHM,Amanda Denson,,272,,,,,2026-07-20T16:34:56.420Z,4:34 PM
4,234,marker,,fs3ma9nc,,,National Sacred Harp Convention,2000-06-17,"Trinity United Methodist Church, Birmingham, Alabama",Buell Cobb,Mark Davis,Kathy Williams,,"Catherine Oss, Rosemary Greenaway, Cindy Franklin",Tom Owen,,,,,,,,,,RECESS,2026-07-20T16:34:56.581Z,4:34 PM
4,235,song,,fs3ma9nc,,,National Sacred Harp Convention,2000-06-17,"Trinity United Methodist Church, Birmingham, Alabama",Buell Cobb,Mark Davis,Kathy Williams,,"Catherine Oss, Rosemary Greenaway, Cindy Franklin",Tom Owen,,SHM1991,SHM,Warren Steel,,179,,Call Back,Reconvened the session,,2026-07-20T16:34:56.892Z,4:34 PM
4,236,song,,fs3ma9nc,,,National Sacred Harp Convention,2000-06-17,"Trinity United Methodist Church, Birmingham, Alabama",Buell Cobb,Mark Davis,Kathy Williams,,"Catherine Oss, Rosemary Greenaway, Cindy Franklin",Tom Owen,,SHM1991,SHM,Janice Hecksel,,419,,,,,2026-07-20T16:34:57.078Z,4:34 PM
4,237,song,,fs3ma9nc,,,National Sacred Harp Convention,2000-06-17,"Trinity United Methodist Church, Birmingham, Alabama",Buell Cobb,Mark Davis,Kathy Williams,,"Catherine Oss, Rosemary Greenaway, Cindy Franklin",Tom Owen,,SHM1991,SHM,Kelly House,,556,,,,,2026-07-20T16:34:57.258Z,4:34 PM
4,238,song,,fs3ma9nc,,,National Sacred Harp Convention,2000-06-17,"Trinity United Methodist Church, Birmingham, Alabama",Buell Cobb,Mark Davis,Kathy Williams,,"Catherine Oss, Rosemary Greenaway, Cindy Franklin",Tom Owen,,SHM1991,SHM,Lou Cotney,,172,,,,,2026-07-20T16:34:57.419Z,4:34 PM
4,239,song,,fs3ma9nc,,,National Sacred Harp Convention,2000-06-17,"Trinity United Methodist Church, Birmingham, Alabama",Buell Cobb,Mark Davis,Kathy Williams,,"Catherine Oss, Rosemary Greenaway, Cindy Franklin",Tom Owen,,SHM1991,SHM,Anne Kazlauskas,,173,,,,,2026-07-20T16:34:57.600Z,4:34 PM
4,240,song,,fs3ma9nc,,,National Sacred Harp Convention,2000-06-17,"Trinity United Methodist Church, Birmingham, Alabama",Buell Cobb,Mark Davis,Kathy Williams,,"Catherine Oss, Rosemary Greenaway, Cindy Franklin",Tom Owen,,SHM1991,SHM,Sharon Kellam,,38b,,,,,2026-07-20T16:34:57.770Z,4:34 PM
4,241,song,,fs3ma9nc,,,National Sacred Harp Convention,2000-06-17,"Trinity United Methodist Church, Birmingham, Alabama",Buell Cobb,Mark Davis,Kathy Williams,,"Catherine Oss, Rosemary Greenaway, Cindy Franklin",Tom Owen,,SHM1991,SHM,Bradford West,,282,,,,,2026-07-20T16:34:57.933Z,4:34 PM
4,242,song,,fs3ma9nc,,,National Sacred Harp Convention,2000-06-17,"Trinity United Methodist Church, Birmingham, Alabama",Buell Cobb,Mark Davis,Kathy Williams,,"Catherine Oss, Rosemary Greenaway, Cindy Franklin",Tom Owen,,SHM1991,SHM,Regina Foster,,120,,,,,2026-07-20T16:34:58.227Z,4:34 PM
4,243,song,,fs3ma9nc,,,National Sacred Harp Convention,2000-06-17,"Trinity United Methodist Church, Birmingham, Alabama",Buell Cobb,Mark Davis,Kathy Williams,,"Catherine Oss, Rosemary Greenaway, Cindy Franklin",Tom Owen,,SHM1991,SHM,Allen Fannin,,70b,,,,,2026-07-20T16:34:58.475Z,4:34 PM
4,244,song,,fs3ma9nc,,,National Sacred Harp Convention,2000-06-17,"Trinity United Methodist Church, Birmingham, Alabama",Buell Cobb,Mark Davis,Kathy Williams,,"Catherine Oss, Rosemary Greenaway, Cindy Franklin",Tom Owen,,SHM1991,SHM,Matthew Wojcik,,56b,,,,,2026-07-20T16:34:58.662Z,4:34 PM
4,245,song,,fs3ma9nc,,,National Sacred Harp Convention,2000-06-17,"Trinity United Methodist Church, Birmingham, Alabama",Buell Cobb,Mark Davis,Kathy Williams,,"Catherine Oss, Rosemary Greenaway, Cindy Franklin",Tom Owen,,SHM1991,SHM,Cathryn Baker,,361,,,,,2026-07-20T16:34:58.855Z,4:34 PM
4,246,song,,fs3ma9nc,,,National Sacred Harp Convention,2000-06-17,"Trinity United Methodist Church, Birmingham, Alabama",Buell Cobb,Mark Davis,Kathy Williams,,"Catherine Oss, Rosemary Greenaway, Cindy Franklin",Tom Owen,,SHM1991,SHM,Freeman Wootten,,277,,,,,2026-07-20T16:34:59.050Z,4:34 PM
4,247,song,,fs3ma9nc,,,National Sacred Harp Convention,2000-06-17,"Trinity United Methodist Church, Birmingham, Alabama",Buell Cobb,Mark Davis,Kathy Williams,,"Catherine Oss, Rosemary Greenaway, Cindy Franklin",Tom Owen,,SHM1991,SHM,Peter Irvine,,378b,,,,,2026-07-20T16:34:59.241Z,4:34 PM
4,248,marker,,fs3ma9nc,,,National Sacred Harp Convention,2000-06-17,"Trinity United Methodist Church, Birmingham, Alabama",Buell Cobb,Mark Davis,Kathy Williams,,"Catherine Oss, Rosemary Greenaway, Cindy Franklin",Tom Owen,,,,Committee Chairs,,,,,"Business session: Finance Committee (Don Bowen, John Redman) reported all expenses covered. Resolutions Committee (Sharona Nelson, Richard K. Mauldin Jr.) gave thanks to the Creator, to those who prepared food and rooms, to officers and committees, to Trinity United Methodist Church, and to all who attended in person or in spirit; resolved to meet again next year. Secretary's Report (Kathy Williams): 429 people from 25 states, Washington D.C., and England registered over the three days; 115 leaders led 237 songs. By state/country: Alabama 276, Georgia 27, Tennessee 16, Massachusetts 14, Texas 13, Florida 9, North Carolina 8, Mississippi 8, Kentucky 8, Illinois 8, Minnesota 6, California 5, Wisconsin 5, New York 4, Rhode Island 4, Indiana 3, England 3, Washington DC 2, Ohio 2, Connecticut 1, Arizona 1, Oregon 1, New Jersey 1, Maryland 1, Washington 1, South Carolina 1, Louisiana 1. A motion was made and carried that the reports be accepted and added to the minutes. The business session was closed.",BUSINESS MEETING,2026-07-20T16:34:59.442Z,4:34 PM
4,249,song,,fs3ma9nc,,,National Sacred Harp Convention,2000-06-17,"Trinity United Methodist Church, Birmingham, Alabama",Buell Cobb,Mark Davis,Kathy Williams,,"Catherine Oss, Rosemary Greenaway, Cindy Franklin",Tom Owen,,SHM1991,SHM,Officers,,62,,,"Closing song as the singers took the parting hand to close the convention; Chaplain Tom Owen led the closing prayer Following the singing, a large group of singers made the traditional trip to Alabama Folk Life Festival's City Stages to present a program of Sacred Harp music.",,2026-07-20T16:34:59.846Z,4:34 PM
4,250,metadata,,,meta.ordinal,twenty-first,,,,,,,,,,,,,,,,,,,,,
4,251,metadata,,,meta.books,The Sacred Harp: 1991 Edition and other sources,,,,,,,,,,,,,,,,,,,,,
4,252,metadata,,,meta.suiteVersion,1.0.0-beta.15,,,,,,,,,,,,,,,,,,,,,
4,253,metadata,,,nameMap.freemanwoottenjewellwootten,Freeman Wootten and Jewell Wootten,,,,,,,,,,,,,,,,,,,,,
4,254,metadata,,,nameMap.wandacappsshelleycapps,Wanda Capps and Shelley Capps,,,,,,,,,,,,,,,,,,,,,
4,255,metadata,,,nameMap.buellcobbmarkdavis,Buell Cobb and Mark Davis,,,,,,,,,,,,,,,,,,,,,
4,256,metadata,,,nameMap.jimcrawfordcarolcrawford,Jim Crawford and Carol Crawford,,,,,,,,,,,,,,,,,,,,,
4,257,metadata,,,nameMap.nategreennormagreen,Nate Green and Norma Green,,,,,,,,,,,,,,,,,,,,,
4,258,metadata,,,nameMap.tommygeorgejarrodgeorge,Tommy George and Jarrod George,,,,,,,,,,,,,,,,,,,,,
4,259,metadata,,,lists.deceased,"Homer Brothers, Virgil Phillips, Alice Williams, Everette Kilgo, Williard Hooper, James Theo Grayson, Ester Wall Brown, Antoinette Swetman, Dr. Clyde Terrell, Dot Long — Alabama
Dollie DeLong Hudgins, Allene Lambert Stanford, Lizzie Ralston — Georgia
Alice Kuiper — Illinois
Susan Hildreth, Vivian Roberts — North Carolina
Duward Scarbrough, Ruby Easley, Neeva Dee Mayes — Mississippi
Patrick Waddell — California
Martin Ambrose — Kentucky
Chris Randgaard — Minnesota
Karen House, Karen Hamilton — New York
Catherine Dorsey — Ohio
Ed Craig — Texas
Tommie Lee Frederick Wigington — Virginia
Leslie Wragg — United Kingdom",,,,,,,,,,,,,,,,,,,,,
4,260,metadata,,,lists.memremarks,"Lee Rogers made opening remarks, recalling singers who had died in the past year and reflecting on how each had shaped the tradition. Kelly House spoke in memory of her sister, Karen House, and how much the Sacred Harp community had meant to them both. Mike Hinton reflected on the significance of the hollow square in Sacred Harp tradition, and on the singers being remembered this year.",,,,,,,,,,,,,,,,,,,,,
