Schema Version,Order of entry,Record Type,Session Label,Session ID,Metadata Field,Metadata Value,Event,Date,Location,Chair,Vice-Chair,Secretary,Treasurer,Arranger(s),Chaplain,Memorial Lesson Leader,Book,Edition Code,Leader(s),Canonical Leader(s),Page,Song,Tag,Notes,Marker,Timestamp ISO,Time entered
4,1,session,"Saturday, March 13",q24eq0fo,,,Western Massachusetts Sacred Harp Convention,1999-03-13,"Northampton Center for the Arts, Northampton, Massachusetts",Tim Eriksen,Cath Oss,Kelly House,,,,,,,,,,,,,,2026-07-20T16:28:59.362Z,4:28 PM
4,2,marker,,q24eq0fo,,,Western Massachusetts Sacred Harp Convention,1999-03-13,"Northampton Center for the Arts, Northampton, Massachusetts",Tim Eriksen,Cath Oss,Kelly House,,,,,,,Richard DeLong,,,,,Morning session was a singing school taught by Richard DeLong; the class was dismissed for lunch,SINGING SCHOOL,2026-07-20T16:28:59.399Z,4:28 PM
4,3,marker,,q24eq0fo,,,Western Massachusetts Sacred Harp Convention,1999-03-13,"Northampton Center for the Arts, Northampton, Massachusetts",Tim Eriksen,Cath Oss,Kelly House,,,,,,,Ruth Hooke,,,,,,LUNCH,2026-07-20T16:28:59.410Z,4:28 PM
4,4,song,,q24eq0fo,,,Western Massachusetts Sacred Harp Convention,1999-03-13,"Northampton Center for the Arts, Northampton, Massachusetts",Tim Eriksen,Cath Oss,Kelly House,,,,,SHM1991,SHM1991,Tim Eriksen,,52t,,,Called the afternoon session to order,,2026-07-20T16:28:59.426Z,4:28 PM
4,5,song,,q24eq0fo,,,Western Massachusetts Sacred Harp Convention,1999-03-13,"Northampton Center for the Arts, Northampton, Massachusetts",Tim Eriksen,Cath Oss,Kelly House,,,,,SHM1991,SHM1991,Tim Eriksen,,39t,,,,,2026-07-20T16:28:59.442Z,4:28 PM
4,6,song,,q24eq0fo,,,Western Massachusetts Sacred Harp Convention,1999-03-13,"Northampton Center for the Arts, Northampton, Massachusetts",Tim Eriksen,Cath Oss,Kelly House,,,,,SHM1991,SHM1991,Peter Irvine,,68b,,,,,2026-07-20T16:28:59.463Z,4:28 PM
4,7,song,,q24eq0fo,,,Western Massachusetts Sacred Harp Convention,1999-03-13,"Northampton Center for the Arts, Northampton, Massachusetts",Tim Eriksen,Cath Oss,Kelly House,,,,,SHM1991,SHM1991,Bradford West,,383,,,,,2026-07-20T16:28:59.488Z,4:28 PM
4,8,song,,q24eq0fo,,,Western Massachusetts Sacred Harp Convention,1999-03-13,"Northampton Center for the Arts, Northampton, Massachusetts",Tim Eriksen,Cath Oss,Kelly House,,,,,SHM1991,SHM1991,Eliza Cavanaugh,,228,,,,,2026-07-20T16:28:59.503Z,4:28 PM
4,9,song,,q24eq0fo,,,Western Massachusetts Sacred Harp Convention,1999-03-13,"Northampton Center for the Arts, Northampton, Massachusetts",Tim Eriksen,Cath Oss,Kelly House,,,,,OTHER,,Anna Maria Nygren,,,Page 30 (top or bottom uncertain in original minutes),,,,2026-07-20T16:28:59.525Z,4:28 PM
4,10,song,,q24eq0fo,,,Western Massachusetts Sacred Harp Convention,1999-03-13,"Northampton Center for the Arts, Northampton, Massachusetts",Tim Eriksen,Cath Oss,Kelly House,,,,,SHM1991,SHM1991,Jim Desmond,,218,,,,,2026-07-20T16:28:59.554Z,4:28 PM
4,11,song,,q24eq0fo,,,Western Massachusetts Sacred Harp Convention,1999-03-13,"Northampton Center for the Arts, Northampton, Massachusetts",Tim Eriksen,Cath Oss,Kelly House,,,,,SHM1991,SHM1991,Ruth Hooke,,198,,,,,2026-07-20T16:28:59.603Z,4:28 PM
4,12,song,,q24eq0fo,,,Western Massachusetts Sacred Harp Convention,1999-03-13,"Northampton Center for the Arts, Northampton, Massachusetts",Tim Eriksen,Cath Oss,Kelly House,,,,,SHM1991,SHM1991,Karen McArthur,,142,,,,,2026-07-20T16:28:59.642Z,4:28 PM
4,13,song,,q24eq0fo,,,Western Massachusetts Sacred Harp Convention,1999-03-13,"Northampton Center for the Arts, Northampton, Massachusetts",Tim Eriksen,Cath Oss,Kelly House,,,,,SHM1991,SHM1991,George Seiler,,168,,,,,2026-07-20T16:28:59.663Z,4:28 PM
4,14,song,,q24eq0fo,,,Western Massachusetts Sacred Harp Convention,1999-03-13,"Northampton Center for the Arts, Northampton, Massachusetts",Tim Eriksen,Cath Oss,Kelly House,,,,,SHM1991,SHM1991,Lynne deBenedette,,456,,,,,2026-07-20T16:28:59.687Z,4:28 PM
4,15,song,,q24eq0fo,,,Western Massachusetts Sacred Harp Convention,1999-03-13,"Northampton Center for the Arts, Northampton, Massachusetts",Tim Eriksen,Cath Oss,Kelly House,,,,,OTHER,,John Hinsdale,,,Page 569 (top or bottom uncertain in original minutes),,,,2026-07-20T16:28:59.708Z,4:28 PM
4,16,song,,q24eq0fo,,,Western Massachusetts Sacred Harp Convention,1999-03-13,"Northampton Center for the Arts, Northampton, Massachusetts",Tim Eriksen,Cath Oss,Kelly House,,,,,SHM1991,SHM1991,Jeff Colby,,148,,,,,2026-07-20T16:28:59.755Z,4:28 PM
4,17,song,,q24eq0fo,,,Western Massachusetts Sacred Harp Convention,1999-03-13,"Northampton Center for the Arts, Northampton, Massachusetts",Tim Eriksen,Cath Oss,Kelly House,,,,,SHM1991,SHM1991,Susan Bingham,,178,,,,,2026-07-20T16:28:59.801Z,4:28 PM
4,18,song,,q24eq0fo,,,Western Massachusetts Sacred Harp Convention,1999-03-13,"Northampton Center for the Arts, Northampton, Massachusetts",Tim Eriksen,Cath Oss,Kelly House,,,,,SHM1991,SHM1991,Ken Langley,,299,,,,,2026-07-20T16:28:59.848Z,4:28 PM
4,19,song,,q24eq0fo,,,Western Massachusetts Sacred Harp Convention,1999-03-13,"Northampton Center for the Arts, Northampton, Massachusetts",Tim Eriksen,Cath Oss,Kelly House,,,,,SHM1991,SHM1991,Sarah Smith,,146,,,,,2026-07-20T16:28:59.958Z,4:28 PM
4,20,song,,q24eq0fo,,,Western Massachusetts Sacred Harp Convention,1999-03-13,"Northampton Center for the Arts, Northampton, Massachusetts",Tim Eriksen,Cath Oss,Kelly House,,,,,SHM1991,SHM1991,Inga Knets,,33b,,,,,2026-07-20T16:28:59.990Z,4:28 PM
4,21,song,,q24eq0fo,,,Western Massachusetts Sacred Harp Convention,1999-03-13,"Northampton Center for the Arts, Northampton, Massachusetts",Tim Eriksen,Cath Oss,Kelly House,,,,,SHM1991,SHM1991,Max Berueffy,,328,,,,,2026-07-20T16:29:00.029Z,4:29 PM
4,22,song,,q24eq0fo,,,Western Massachusetts Sacred Harp Convention,1999-03-13,"Northampton Center for the Arts, Northampton, Massachusetts",Tim Eriksen,Cath Oss,Kelly House,,,,,SHM1991,SHM1991,Rosemary Greenaway,,47t,,,,,2026-07-20T16:29:00.106Z,4:29 PM
4,23,song,,q24eq0fo,,,Western Massachusetts Sacred Harp Convention,1999-03-13,"Northampton Center for the Arts, Northampton, Massachusetts",Tim Eriksen,Cath Oss,Kelly House,,,,,SHM1991,SHM1991,Cath Oss,,155,,,,,2026-07-20T16:29:00.164Z,4:29 PM
4,24,song,,q24eq0fo,,,Western Massachusetts Sacred Harp Convention,1999-03-13,"Northampton Center for the Arts, Northampton, Massachusetts",Tim Eriksen,Cath Oss,Kelly House,,,,,SHM1991,SHM1991,Jean Seiler,,217,,,,,2026-07-20T16:29:00.241Z,4:29 PM
4,25,song,,q24eq0fo,,,Western Massachusetts Sacred Harp Convention,1999-03-13,"Northampton Center for the Arts, Northampton, Massachusetts",Tim Eriksen,Cath Oss,Kelly House,,,,,SHM1991,SHM1991,Martha Lang,,106,,,,,2026-07-20T16:29:00.270Z,4:29 PM
4,26,song,,q24eq0fo,,,Western Massachusetts Sacred Harp Convention,1999-03-13,"Northampton Center for the Arts, Northampton, Massachusetts",Tim Eriksen,Cath Oss,Kelly House,,,,,SHM1991,SHM1991,Guy Banks,,444,,,,,2026-07-20T16:29:00.358Z,4:29 PM
4,27,song,,q24eq0fo,,,Western Massachusetts Sacred Harp Convention,1999-03-13,"Northampton Center for the Arts, Northampton, Massachusetts",Tim Eriksen,Cath Oss,Kelly House,,,,,SHM1991,SHM1991,Allison Schofield,,163t,,,,,2026-07-20T16:29:00.401Z,4:29 PM
4,28,marker,,q24eq0fo,,,Western Massachusetts Sacred Harp Convention,1999-03-13,"Northampton Center for the Arts, Northampton, Massachusetts",Tim Eriksen,Cath Oss,Kelly House,,,,,,,,,,,,,RECESS,2026-07-20T16:29:00.467Z,4:29 PM
4,29,song,,q24eq0fo,,,Western Massachusetts Sacred Harp Convention,1999-03-13,"Northampton Center for the Arts, Northampton, Massachusetts",Tim Eriksen,Cath Oss,Kelly House,,,,,SHM1991,SHM1991,Kelly House,,99,,Call Back,,,2026-07-20T16:29:00.554Z,4:29 PM
4,30,song,,q24eq0fo,,,Western Massachusetts Sacred Harp Convention,1999-03-13,"Northampton Center for the Arts, Northampton, Massachusetts",Tim Eriksen,Cath Oss,Kelly House,,,,,SHM1991,SHM1991,Duncan Vinson,,451,,,,,2026-07-20T16:29:00.683Z,4:29 PM
4,31,song,,q24eq0fo,,,Western Massachusetts Sacred Harp Convention,1999-03-13,"Northampton Center for the Arts, Northampton, Massachusetts",Tim Eriksen,Cath Oss,Kelly House,,,,,SHM1991,SHM1991,Mirjana Lausevic,,378b,,,,,2026-07-20T16:29:00.766Z,4:29 PM
4,32,song,,q24eq0fo,,,Western Massachusetts Sacred Harp Convention,1999-03-13,"Northampton Center for the Arts, Northampton, Massachusetts",Tim Eriksen,Cath Oss,Kelly House,,,,,SHM1991,SHM1991,Gary Smith,,34b,,,,,2026-07-20T16:29:00.824Z,4:29 PM
4,33,song,,q24eq0fo,,,Western Massachusetts Sacred Harp Convention,1999-03-13,"Northampton Center for the Arts, Northampton, Massachusetts",Tim Eriksen,Cath Oss,Kelly House,,,,,SHM1991,SHM1991,Aaron Girard,,183,,,,,2026-07-20T16:29:00.923Z,4:29 PM
4,34,song,,q24eq0fo,,,Western Massachusetts Sacred Harp Convention,1999-03-13,"Northampton Center for the Arts, Northampton, Massachusetts",Tim Eriksen,Cath Oss,Kelly House,,,,,SHM1991,SHM1991,Laura Clawson,,335,,,,,2026-07-20T16:29:01.057Z,4:29 PM
4,35,song,,q24eq0fo,,,Western Massachusetts Sacred Harp Convention,1999-03-13,"Northampton Center for the Arts, Northampton, Massachusetts",Tim Eriksen,Cath Oss,Kelly House,,,,,SHM1991,SHM1991,James Ulrich,,417,,,,,2026-07-20T16:29:01.088Z,4:29 PM
4,36,song,,q24eq0fo,,,Western Massachusetts Sacred Harp Convention,1999-03-13,"Northampton Center for the Arts, Northampton, Massachusetts",Tim Eriksen,Cath Oss,Kelly House,,,,,SHM1991,SHM1991,Diane Mennella,,542,,,,,2026-07-20T16:29:01.186Z,4:29 PM
4,37,song,,q24eq0fo,,,Western Massachusetts Sacred Harp Convention,1999-03-13,"Northampton Center for the Arts, Northampton, Massachusetts",Tim Eriksen,Cath Oss,Kelly House,,,,,SHM1991,SHM1991,Sara DeTurk,,236,,,,,2026-07-20T16:29:01.256Z,4:29 PM
4,38,song,,q24eq0fo,,,Western Massachusetts Sacred Harp Convention,1999-03-13,"Northampton Center for the Arts, Northampton, Massachusetts",Tim Eriksen,Cath Oss,Kelly House,,,,,SHM1991,SHM1991,Seth Holloway,,354b,,,,,2026-07-20T16:29:01.354Z,4:29 PM
4,39,song,,q24eq0fo,,,Western Massachusetts Sacred Harp Convention,1999-03-13,"Northampton Center for the Arts, Northampton, Massachusetts",Tim Eriksen,Cath Oss,Kelly House,,,,,SHM1991,SHM1991,Karen House,,496,,,,,2026-07-20T16:29:01.432Z,4:29 PM
4,40,song,,q24eq0fo,,,Western Massachusetts Sacred Harp Convention,1999-03-13,"Northampton Center for the Arts, Northampton, Massachusetts",Tim Eriksen,Cath Oss,Kelly House,,,,,SHM1991,SHM1991,Henry Goodhue,,73b,,,,,2026-07-20T16:29:01.518Z,4:29 PM
4,41,song,,q24eq0fo,,,Western Massachusetts Sacred Harp Convention,1999-03-13,"Northampton Center for the Arts, Northampton, Massachusetts",Tim Eriksen,Cath Oss,Kelly House,,,,,SHM1991,SHM1991,Juanita Heyerman,,46,,,,,2026-07-20T16:29:01.586Z,4:29 PM
4,42,song,,q24eq0fo,,,Western Massachusetts Sacred Harp Convention,1999-03-13,"Northampton Center for the Arts, Northampton, Massachusetts",Tim Eriksen,Cath Oss,Kelly House,,,,,SHM1991,SHM1991,Ginnie Ely,,196,,,,,2026-07-20T16:29:01.658Z,4:29 PM
4,43,song,,q24eq0fo,,,Western Massachusetts Sacred Harp Convention,1999-03-13,"Northampton Center for the Arts, Northampton, Massachusetts",Tim Eriksen,Cath Oss,Kelly House,,,,,SHM1991,SHM1991,Jessica Holland,,269,,,,,2026-07-20T16:29:01.695Z,4:29 PM
4,44,song,,q24eq0fo,,,Western Massachusetts Sacred Harp Convention,1999-03-13,"Northampton Center for the Arts, Northampton, Massachusetts",Tim Eriksen,Cath Oss,Kelly House,,,,,SHM1991,SHM1991,Bill Holt,,428,,,,,2026-07-20T16:29:01.766Z,4:29 PM
4,45,song,,q24eq0fo,,,Western Massachusetts Sacred Harp Convention,1999-03-13,"Northampton Center for the Arts, Northampton, Massachusetts",Tim Eriksen,Cath Oss,Kelly House,,,,,SHM1991,SHM1991,Gina Balestracci,,419,,,,,2026-07-20T16:29:01.845Z,4:29 PM
4,46,song,,q24eq0fo,,,Western Massachusetts Sacred Harp Convention,1999-03-13,"Northampton Center for the Arts, Northampton, Massachusetts",Tim Eriksen,Cath Oss,Kelly House,,,,,SHM1991,SHM1991,Berk Meitzler,,361,,,,,2026-07-20T16:29:01.916Z,4:29 PM
4,47,song,,q24eq0fo,,,Western Massachusetts Sacred Harp Convention,1999-03-13,"Northampton Center for the Arts, Northampton, Massachusetts",Tim Eriksen,Cath Oss,Kelly House,,,,,SHM1991,SHM1991,Richard DeLong,,224,,,,,2026-07-20T16:29:01.988Z,4:29 PM
4,48,song,,q24eq0fo,,,Western Massachusetts Sacred Harp Convention,1999-03-13,"Northampton Center for the Arts, Northampton, Massachusetts",Tim Eriksen,Cath Oss,Kelly House,,,,,SHM1991,SHM1991,Bob Parr,,528,,,,,2026-07-20T16:29:02.061Z,4:29 PM
4,49,song,,q24eq0fo,,,Western Massachusetts Sacred Harp Convention,1999-03-13,"Northampton Center for the Arts, Northampton, Massachusetts",Tim Eriksen,Cath Oss,Kelly House,,,,,SHM1991,SHM1991,Barbara Swetman,,287,,,,,2026-07-20T16:29:02.137Z,4:29 PM
4,50,song,,q24eq0fo,,,Western Massachusetts Sacred Harp Convention,1999-03-13,"Northampton Center for the Arts, Northampton, Massachusetts",Tim Eriksen,Cath Oss,Kelly House,,,,,SHM1991,SHM1991,Allen Fannin,,270,,,Tim Eriksen closed the Saturday session; the class was dismissed with prayer by Richard DeLong,,2026-07-20T16:29:02.289Z,4:29 PM
4,51,session,Sunday,l3qe40c5,,,Western Massachusetts Sacred Harp Convention,1999-03-14,"Northampton Center for the Arts, Northampton, Massachusetts",Tim Eriksen,Cath Oss,Kelly House,,,,,,,,,,,,,,2026-07-20T16:29:02.330Z,4:29 PM
4,52,song,,l3qe40c5,,,Western Massachusetts Sacred Harp Convention,1999-03-14,"Northampton Center for the Arts, Northampton, Massachusetts",Tim Eriksen,Cath Oss,Kelly House,,,,,SHM1991,SHM1991,Tim Eriksen,,448b,,,Called Sunday's session to order; Eliza Cavanaugh led the morning prayer,,2026-07-20T16:29:02.371Z,4:29 PM
4,53,song,,l3qe40c5,,,Western Massachusetts Sacred Harp Convention,1999-03-14,"Northampton Center for the Arts, Northampton, Massachusetts",Tim Eriksen,Cath Oss,Kelly House,,,,,SHM1991,SHM1991,Cath Oss,,318,,,,,2026-07-20T16:29:02.425Z,4:29 PM
4,54,song,,l3qe40c5,,,Western Massachusetts Sacred Harp Convention,1999-03-14,"Northampton Center for the Arts, Northampton, Massachusetts",Tim Eriksen,Cath Oss,Kelly House,,,,,SHM1991,SHM1991,Jeff Colby,,131b,,,,,2026-07-20T16:29:02.503Z,4:29 PM
4,55,song,,l3qe40c5,,,Western Massachusetts Sacred Harp Convention,1999-03-14,"Northampton Center for the Arts, Northampton, Massachusetts",Tim Eriksen,Cath Oss,Kelly House,,,,,SHM1991,SHM1991,Kelly House,,85,,,,,2026-07-20T16:29:02.568Z,4:29 PM
4,56,song,,l3qe40c5,,,Western Massachusetts Sacred Harp Convention,1999-03-14,"Northampton Center for the Arts, Northampton, Massachusetts",Tim Eriksen,Cath Oss,Kelly House,,,,,SHM1991,SHM1991,Tim Eriksen,,448t,,,,,2026-07-20T16:29:02.611Z,4:29 PM
4,57,song,,l3qe40c5,,,Western Massachusetts Sacred Harp Convention,1999-03-14,"Northampton Center for the Arts, Northampton, Massachusetts",Tim Eriksen,Cath Oss,Kelly House,,,,,SHM1991,SHM1991,Richard DeLong,,439,,,,,2026-07-20T16:29:02.657Z,4:29 PM
4,58,song,,l3qe40c5,,,Western Massachusetts Sacred Harp Convention,1999-03-14,"Northampton Center for the Arts, Northampton, Massachusetts",Tim Eriksen,Cath Oss,Kelly House,,,,,SHM1991,SHM1991,Bobbie Goodell,,151,,,,,2026-07-20T16:29:02.725Z,4:29 PM
4,59,song,,l3qe40c5,,,Western Massachusetts Sacred Harp Convention,1999-03-14,"Northampton Center for the Arts, Northampton, Massachusetts",Tim Eriksen,Cath Oss,Kelly House,,,,,SHM1991,SHM1991,Bill Holt,,73t,,,,,2026-07-20T16:29:02.771Z,4:29 PM
4,60,song,,l3qe40c5,,,Western Massachusetts Sacred Harp Convention,1999-03-14,"Northampton Center for the Arts, Northampton, Massachusetts",Tim Eriksen,Cath Oss,Kelly House,,,,,SHM1991,SHM1991,Jodi Seidenstein,,344,,,,,2026-07-20T16:29:02.832Z,4:29 PM
4,61,song,,l3qe40c5,,,Western Massachusetts Sacred Harp Convention,1999-03-14,"Northampton Center for the Arts, Northampton, Massachusetts",Tim Eriksen,Cath Oss,Kelly House,,,,,SHM1991,SHM1991,Anne Kazlauskas,,173,,,,,2026-07-20T16:29:02.929Z,4:29 PM
4,62,song,,l3qe40c5,,,Western Massachusetts Sacred Harp Convention,1999-03-14,"Northampton Center for the Arts, Northampton, Massachusetts",Tim Eriksen,Cath Oss,Kelly House,,,,,SHM1991,SHM1991,Roland Hutchinson,,553,,,,,2026-07-20T16:29:02.984Z,4:29 PM
4,63,song,,l3qe40c5,,,Western Massachusetts Sacred Harp Convention,1999-03-14,"Northampton Center for the Arts, Northampton, Massachusetts",Tim Eriksen,Cath Oss,Kelly House,,,,,SHM1991,SHM1991,Paula McGray,,137,,,,,2026-07-20T16:29:03.028Z,4:29 PM
4,64,song,,l3qe40c5,,,Western Massachusetts Sacred Harp Convention,1999-03-14,"Northampton Center for the Arts, Northampton, Massachusetts",Tim Eriksen,Cath Oss,Kelly House,,,,,SHM1991,SHM1991,June Matthews,,200,,,,,2026-07-20T16:29:03.072Z,4:29 PM
4,65,song,,l3qe40c5,,,Western Massachusetts Sacred Harp Convention,1999-03-14,"Northampton Center for the Arts, Northampton, Massachusetts",Tim Eriksen,Cath Oss,Kelly House,,,,,SHM1991,SHM1991,Eliza Cavanaugh,,362,,,,,2026-07-20T16:29:03.139Z,4:29 PM
4,66,song,,l3qe40c5,,,Western Massachusetts Sacred Harp Convention,1999-03-14,"Northampton Center for the Arts, Northampton, Massachusetts",Tim Eriksen,Cath Oss,Kelly House,,,,,SHM1991,SHM1991,L.H. Spencer,,442,,,,,2026-07-20T16:29:03.190Z,4:29 PM
4,67,song,,l3qe40c5,,,Western Massachusetts Sacred Harp Convention,1999-03-14,"Northampton Center for the Arts, Northampton, Massachusetts",Tim Eriksen,Cath Oss,Kelly House,,,,,SHM1991,SHM1991,John Redman,,358,,,,,2026-07-20T16:29:03.258Z,4:29 PM
4,68,song,,l3qe40c5,,,Western Massachusetts Sacred Harp Convention,1999-03-14,"Northampton Center for the Arts, Northampton, Massachusetts",Tim Eriksen,Cath Oss,Kelly House,,,,,SHM1991,SHM1991,Karen Freund,,77t,,,,,2026-07-20T16:29:03.322Z,4:29 PM
4,69,song,,l3qe40c5,,,Western Massachusetts Sacred Harp Convention,1999-03-14,"Northampton Center for the Arts, Northampton, Massachusetts",Tim Eriksen,Cath Oss,Kelly House,,,,,SHM1991,SHM1991,Susan Bingham,,454,,,,,2026-07-20T16:29:03.390Z,4:29 PM
4,70,song,,l3qe40c5,,,Western Massachusetts Sacred Harp Convention,1999-03-14,"Northampton Center for the Arts, Northampton, Massachusetts",Tim Eriksen,Cath Oss,Kelly House,,,,,SHM1991,SHM1991,Lydia Vernon-Jones,,323b,,,,,2026-07-20T16:29:03.546Z,4:29 PM
4,71,song,,l3qe40c5,,,Western Massachusetts Sacred Harp Convention,1999-03-14,"Northampton Center for the Arts, Northampton, Massachusetts",Tim Eriksen,Cath Oss,Kelly House,,,,,SHM1991,SHM1991,Peter Irvine,,72b,,,,,2026-07-20T16:29:03.592Z,4:29 PM
4,72,song,,l3qe40c5,,,Western Massachusetts Sacred Harp Convention,1999-03-14,"Northampton Center for the Arts, Northampton, Massachusetts",Tim Eriksen,Cath Oss,Kelly House,,,,,SHM1991,SHM1991,Dan Hertzler,,474,,,,,2026-07-20T16:29:03.653Z,4:29 PM
4,73,marker,,l3qe40c5,,,Western Massachusetts Sacred Harp Convention,1999-03-14,"Northampton Center for the Arts, Northampton, Massachusetts",Tim Eriksen,Cath Oss,Kelly House,,,,,,,,,,,,,RECESS,2026-07-20T16:29:03.713Z,4:29 PM
4,74,song,,l3qe40c5,,,Western Massachusetts Sacred Harp Convention,1999-03-14,"Northampton Center for the Arts, Northampton, Massachusetts",Tim Eriksen,Cath Oss,Kelly House,,,,,SHM1991,SHM1991,Rosemary Greenaway,,143,,Call Back,,,2026-07-20T16:29:03.788Z,4:29 PM
4,75,song,,l3qe40c5,,,Western Massachusetts Sacred Harp Convention,1999-03-14,"Northampton Center for the Arts, Northampton, Massachusetts",Tim Eriksen,Cath Oss,Kelly House,,,,,SHM1991,SHM1991,George Seiler,,480,,,,,2026-07-20T16:29:03.856Z,4:29 PM
4,76,song,,l3qe40c5,,,Western Massachusetts Sacred Harp Convention,1999-03-14,"Northampton Center for the Arts, Northampton, Massachusetts",Tim Eriksen,Cath Oss,Kelly House,,,,,SHM1991,SHM1991,Laura Risk,,84,,,,,2026-07-20T16:29:03.907Z,4:29 PM
4,77,song,,l3qe40c5,,,Western Massachusetts Sacred Harp Convention,1999-03-14,"Northampton Center for the Arts, Northampton, Massachusetts",Tim Eriksen,Cath Oss,Kelly House,,,,,SHM1991,SHM1991,Karen House,,503,,,,,2026-07-20T16:29:03.989Z,4:29 PM
4,78,song,,l3qe40c5,,,Western Massachusetts Sacred Harp Convention,1999-03-14,"Northampton Center for the Arts, Northampton, Massachusetts",Tim Eriksen,Cath Oss,Kelly House,,,,,SHM1991,SHM1991,Claire Simon,,147t,,,,,2026-07-20T16:29:04.039Z,4:29 PM
4,79,song,,l3qe40c5,,,Western Massachusetts Sacred Harp Convention,1999-03-14,"Northampton Center for the Arts, Northampton, Massachusetts",Tim Eriksen,Cath Oss,Kelly House,,,,,SHM1991,SHM1991,Mary Ellen Donaldson,,457,,,,,2026-07-20T16:29:04.125Z,4:29 PM
4,80,song,,l3qe40c5,,,Western Massachusetts Sacred Harp Convention,1999-03-14,"Northampton Center for the Arts, Northampton, Massachusetts",Tim Eriksen,Cath Oss,Kelly House,,,,,SHM1991,SHM1991,Adrian Mariano,,504,,,,,2026-07-20T16:29:04.217Z,4:29 PM
4,81,song,,l3qe40c5,,,Western Massachusetts Sacred Harp Convention,1999-03-14,"Northampton Center for the Arts, Northampton, Massachusetts",Tim Eriksen,Cath Oss,Kelly House,,,,,SHM1991,SHM1991,Ken Langley,,49b,,,,,2026-07-20T16:29:04.307Z,4:29 PM
4,82,song,,l3qe40c5,,,Western Massachusetts Sacred Harp Convention,1999-03-14,"Northampton Center for the Arts, Northampton, Massachusetts",Tim Eriksen,Cath Oss,Kelly House,,,,,SHM1991,SHM1991,Jim Desmond,,455,,,,,2026-07-20T16:29:04.363Z,4:29 PM
4,83,song,,l3qe40c5,,,Western Massachusetts Sacred Harp Convention,1999-03-14,"Northampton Center for the Arts, Northampton, Massachusetts",Tim Eriksen,Cath Oss,Kelly House,,,,,SHM1991,SHM1991,Ruth Hooke,,48t,,,,,2026-07-20T16:29:04.470Z,4:29 PM
4,84,song,,l3qe40c5,,,Western Massachusetts Sacred Harp Convention,1999-03-14,"Northampton Center for the Arts, Northampton, Massachusetts",Tim Eriksen,Cath Oss,Kelly House,,,,,SHM1991,SHM1991,Max Berueffy,,99,,,,,2026-07-20T16:29:04.525Z,4:29 PM
4,85,song,,l3qe40c5,,,Western Massachusetts Sacred Harp Convention,1999-03-14,"Northampton Center for the Arts, Northampton, Massachusetts",Tim Eriksen,Cath Oss,Kelly House,,,,,SHM1991,SHM1991,Sarah Smith,,400,,,,,2026-07-20T16:29:04.584Z,4:29 PM
4,86,song,,l3qe40c5,,,Western Massachusetts Sacred Harp Convention,1999-03-14,"Northampton Center for the Arts, Northampton, Massachusetts",Tim Eriksen,Cath Oss,Kelly House,,,,,SHM1991,SHM1991,Kshama Ananthapura,,33b,,,,,2026-07-20T16:29:04.764Z,4:29 PM
4,87,song,,l3qe40c5,,,Western Massachusetts Sacred Harp Convention,1999-03-14,"Northampton Center for the Arts, Northampton, Massachusetts",Tim Eriksen,Cath Oss,Kelly House,,,,,SHM1991,SHM1991,John Hinsdale,,30t,,,,,2026-07-20T16:29:04.846Z,4:29 PM
4,88,song,,l3qe40c5,,,Western Massachusetts Sacred Harp Convention,1999-03-14,"Northampton Center for the Arts, Northampton, Massachusetts",Tim Eriksen,Cath Oss,Kelly House,,,,,SHM1991,SHM1991,Inga Knets,,203,,,,,2026-07-20T16:29:04.912Z,4:29 PM
4,89,song,,l3qe40c5,,,Western Massachusetts Sacred Harp Convention,1999-03-14,"Northampton Center for the Arts, Northampton, Massachusetts",Tim Eriksen,Cath Oss,Kelly House,,,,,SHM1991,SHM1991,Diane Mennella,,86,,,,,2026-07-20T16:29:04.965Z,4:29 PM
4,90,song,,l3qe40c5,,,Western Massachusetts Sacred Harp Convention,1999-03-14,"Northampton Center for the Arts, Northampton, Massachusetts",Tim Eriksen,Cath Oss,Kelly House,,,,,SHM1991,SHM1991,Kelly House,,376,,Memorial,"The class was turned over to the Memorial Committee. Kelly House spoke of how Sacred Harp singing is sustained by love, and how we commemorate each person's contribution through the love they shared. Deceased: Mae Seymour, Maude Keeton, Mary Ramsey Berueffy — Alabama; S. Rodman Irvine — California; Horace DeLong — Georgia; Wilma Vernon, Donna Summerfield — Illinois; Cameron Forbes, Anna Timmerman — Massachusetts; Grace Bizzell, Billy Johnson — North Carolina; Edna Lundgren — Pennsylvania; Shirley Green, Mary Hulburt — Virginia; Evadne McNeil — Wisconsin",,2026-07-20T16:29:05.028Z,4:29 PM
4,91,song,,l3qe40c5,,,Western Massachusetts Sacred Harp Convention,1999-03-14,"Northampton Center for the Arts, Northampton, Massachusetts",Tim Eriksen,Cath Oss,Kelly House,,,,,SHM1991,SHM1991,Eliza Cavanaugh,,72b,,Special,"For the sick and shut-ins: Ursula Woodfield, Margaret Bornick, Dot Garber, Paul Leblanc, Ben Hertzler, Dinah Breunig. The memorial was closed.",,2026-07-20T16:29:05.093Z,4:29 PM
4,92,song,,l3qe40c5,,,Western Massachusetts Sacred Harp Convention,1999-03-14,"Northampton Center for the Arts, Northampton, Massachusetts",Tim Eriksen,Cath Oss,Kelly House,,,,,SHM1991,SHM1991,Jean Seiler,,177,,,,,2026-07-20T16:29:05.155Z,4:29 PM
4,93,song,,l3qe40c5,,,Western Massachusetts Sacred Harp Convention,1999-03-14,"Northampton Center for the Arts, Northampton, Massachusetts",Tim Eriksen,Cath Oss,Kelly House,,,,,SHM1991,SHM1991,Allison Schofield,,142,,,The blessing for lunch was led by George Seiler,,2026-07-20T16:29:05.223Z,4:29 PM
4,94,marker,,l3qe40c5,,,Western Massachusetts Sacred Harp Convention,1999-03-14,"Northampton Center for the Arts, Northampton, Massachusetts",Tim Eriksen,Cath Oss,Kelly House,,,,,,,George Seiler,,,,,,LUNCH,2026-07-20T16:29:05.284Z,4:29 PM
4,95,song,,l3qe40c5,,,Western Massachusetts Sacred Harp Convention,1999-03-14,"Northampton Center for the Arts, Northampton, Massachusetts",Tim Eriksen,Cath Oss,Kelly House,,,,,OTHER,,Tim Eriksen,,,Page 37 (top or bottom uncertain in original minutes),Call Back,,,2026-07-20T16:29:05.353Z,4:29 PM
4,96,song,,l3qe40c5,,,Western Massachusetts Sacred Harp Convention,1999-03-14,"Northampton Center for the Arts, Northampton, Massachusetts",Tim Eriksen,Cath Oss,Kelly House,,,,,SHM1991,SHM1991,Lynne deBenedette,,430,,,,,2026-07-20T16:29:05.422Z,4:29 PM
4,97,song,,l3qe40c5,,,Western Massachusetts Sacred Harp Convention,1999-03-14,"Northampton Center for the Arts, Northampton, Massachusetts",Tim Eriksen,Cath Oss,Kelly House,,,,,SHM1991,SHM1991,Martha Lang,,268,,,,,2026-07-20T16:29:05.484Z,4:29 PM
4,98,song,,l3qe40c5,,,Western Massachusetts Sacred Harp Convention,1999-03-14,"Northampton Center for the Arts, Northampton, Massachusetts",Tim Eriksen,Cath Oss,Kelly House,,,,,SHM1991,SHM1991,Duncan Vinson,,551,,,,,2026-07-20T16:29:05.551Z,4:29 PM
4,99,song,,l3qe40c5,,,Western Massachusetts Sacred Harp Convention,1999-03-14,"Northampton Center for the Arts, Northampton, Massachusetts",Tim Eriksen,Cath Oss,Kelly House,,,,,SHM1991,SHM1991,Mirjana Lausevic,,122,,,,,2026-07-20T16:29:05.621Z,4:29 PM
4,100,song,,l3qe40c5,,,Western Massachusetts Sacred Harp Convention,1999-03-14,"Northampton Center for the Arts, Northampton, Massachusetts",Tim Eriksen,Cath Oss,Kelly House,,,,,SHM1991,SHM1991,Gary Smith,,569b,,,,,2026-07-20T16:29:05.780Z,4:29 PM
4,101,song,,l3qe40c5,,,Western Massachusetts Sacred Harp Convention,1999-03-14,"Northampton Center for the Arts, Northampton, Massachusetts",Tim Eriksen,Cath Oss,Kelly House,,,,,SHM1991,SHM1991,Kara Morin,,106,,,,,2026-07-20T16:29:05.852Z,4:29 PM
4,102,song,,l3qe40c5,,,Western Massachusetts Sacred Harp Convention,1999-03-14,"Northampton Center for the Arts, Northampton, Massachusetts",Tim Eriksen,Cath Oss,Kelly House,,,,,SHM1991,SHM1991,Bradford West,,532,,,,,2026-07-20T16:29:05.931Z,4:29 PM
4,103,song,,l3qe40c5,,,Western Massachusetts Sacred Harp Convention,1999-03-14,"Northampton Center for the Arts, Northampton, Massachusetts",Tim Eriksen,Cath Oss,Kelly House,,,,,SHM1991,SHM1991,Laura Clawson,,510,,,,,2026-07-20T16:29:06.003Z,4:29 PM
4,104,song,,l3qe40c5,,,Western Massachusetts Sacred Harp Convention,1999-03-14,"Northampton Center for the Arts, Northampton, Massachusetts",Tim Eriksen,Cath Oss,Kelly House,,,,,SHM1991,SHM1991,Seth Holloway,,79,,,,,2026-07-20T16:29:06.086Z,4:29 PM
4,105,song,,l3qe40c5,,,Western Massachusetts Sacred Harp Convention,1999-03-14,"Northampton Center for the Arts, Northampton, Massachusetts",Tim Eriksen,Cath Oss,Kelly House,,,,,OTHER,,Juanita Heyerman,,,Page 24 (top/bottom uncertain in original minutes; also not found in this book's current index),,,,2026-07-20T16:29:06.155Z,4:29 PM
4,106,song,,l3qe40c5,,,Western Massachusetts Sacred Harp Convention,1999-03-14,"Northampton Center for the Arts, Northampton, Massachusetts",Tim Eriksen,Cath Oss,Kelly House,,,,,SHM1991,SHM1991,Ginnie Ely,,397,,,,,2026-07-20T16:29:06.226Z,4:29 PM
4,107,song,,l3qe40c5,,,Western Massachusetts Sacred Harp Convention,1999-03-14,"Northampton Center for the Arts, Northampton, Massachusetts",Tim Eriksen,Cath Oss,Kelly House,,,,,SHM1991,SHM1991,Jessica Holland,,117,,,,,2026-07-20T16:29:06.304Z,4:29 PM
4,108,song,,l3qe40c5,,,Western Massachusetts Sacred Harp Convention,1999-03-14,"Northampton Center for the Arts, Northampton, Massachusetts",Tim Eriksen,Cath Oss,Kelly House,,,,,SHM1991,SHM1991,Richard DeLong,,542,,,,,2026-07-20T16:29:06.375Z,4:29 PM
4,109,song,,l3qe40c5,,,Western Massachusetts Sacred Harp Convention,1999-03-14,"Northampton Center for the Arts, Northampton, Massachusetts",Tim Eriksen,Cath Oss,Kelly House,,,,,SHM1991,SHM1991,Paula Whiting,,497,,,,,2026-07-20T16:29:06.455Z,4:29 PM
4,110,song,,l3qe40c5,,,Western Massachusetts Sacred Harp Convention,1999-03-14,"Northampton Center for the Arts, Northampton, Massachusetts",Tim Eriksen,Cath Oss,Kelly House,,,,,SHM1991,SHM1991,Gina Balestracci,,112,,,,,2026-07-20T16:29:06.533Z,4:29 PM
4,111,song,,l3qe40c5,,,Western Massachusetts Sacred Harp Convention,1999-03-14,"Northampton Center for the Arts, Northampton, Massachusetts",Tim Eriksen,Cath Oss,Kelly House,,,,,SHM1991,SHM1991,Bob Parr,,272,,,,,2026-07-20T16:29:06.697Z,4:29 PM
4,112,song,,l3qe40c5,,,Western Massachusetts Sacred Harp Convention,1999-03-14,"Northampton Center for the Arts, Northampton, Massachusetts",Tim Eriksen,Cath Oss,Kelly House,,,,,SHM1991,SHM1991,Tim Eriksen,,55,,,,,2026-07-20T16:29:06.776Z,4:29 PM
4,113,song,,l3qe40c5,,,Western Massachusetts Sacred Harp Convention,1999-03-14,"Northampton Center for the Arts, Northampton, Massachusetts",Tim Eriksen,Cath Oss,Kelly House,,,,,SHM1991,SHM1991,Barbara Swetman,,277,,,,,2026-07-20T16:29:06.856Z,4:29 PM
4,114,song,,l3qe40c5,,,Western Massachusetts Sacred Harp Convention,1999-03-14,"Northampton Center for the Arts, Northampton, Massachusetts",Tim Eriksen,Cath Oss,Kelly House,,,,,SHM1991,SHM1991,Allen Fannin,,70b,,,,,2026-07-20T16:29:06.941Z,4:29 PM
4,115,song,,l3qe40c5,,,Western Massachusetts Sacred Harp Convention,1999-03-14,"Northampton Center for the Arts, Northampton, Massachusetts",Tim Eriksen,Cath Oss,Kelly House,,,,,SHM1991,SHM1991,Bobbie Goodell,,81t,,,,,2026-07-20T16:29:07.017Z,4:29 PM
4,116,song,,l3qe40c5,,,Western Massachusetts Sacred Harp Convention,1999-03-14,"Northampton Center for the Arts, Northampton, Massachusetts",Tim Eriksen,Cath Oss,Kelly House,,,,,SHM1991,SHM1991,Greg Freemon,,70t,,,,,2026-07-20T16:29:07.095Z,4:29 PM
4,117,song,,l3qe40c5,,,Western Massachusetts Sacred Harp Convention,1999-03-14,"Northampton Center for the Arts, Northampton, Massachusetts",Tim Eriksen,Cath Oss,Kelly House,,,,,OTHER,,Holly Laws,,,Page 47 (top or bottom uncertain in original minutes),,,,2026-07-20T16:29:07.166Z,4:29 PM
4,118,marker,,l3qe40c5,,,Western Massachusetts Sacred Harp Convention,1999-03-14,"Northampton Center for the Arts, Northampton, Massachusetts",Tim Eriksen,Cath Oss,Kelly House,,,,,,,Convention Officers,,,,,"The Convention went into a business session to hear committee reports. Treasurer Jeff Colby reported that due to generous giving over the two days, expenses were met with sufficient funds to advance the next convention. Paul and Sharon Gauthier — Finance Committee. Resolutions Committee report (Karen House and Bradford West): thanks to the Welcoming Committee (Shana Norberg and others); Bread and Circus grocery for its donation; Jim Desmond for posting signs; the Food Committee headed by Laura Clawson (with special thanks to Dan and Mary Ann Clawson for heating and carrying food); everyone who brought food; the Finance Committee (Paul and Sharon Gauthier); the Housing Committee (Cath Oss and Inga Knets); the Arranging Committee (Kelly House, Lynne deBenedette, Max Berueffy, Anna Maria Nygren, Karen House); the Chaplains (Eliza Cavanaugh, Ruth Hooke, George Seiler, Richard DeLong); Publicity (Peter Irvine and Allison Schofield); local media (Bonnie Wells of the Amherst Bulletin, John Stifler of the Hampshire Gazette, Mark Anderson of the Valley Advocate, Rose Sinclair of the Greenfield Recorder, Marla Zippay, and WGBY); the Convention officers (Tim Eriksen, Cath Oss, Jeff Colby, Kelly House); Northampton Center for the Arts and Kinard Montgomery; recording engineer Jim Hemingway; Ruth and Richard Hooke for hosting the Amherst sing in their home for many years; and Richard DeLong for his memorable singing school. Resolutions Committee: Karen House and Bradford West. Secretary's Report (Kelly House): 257 people from 13 states registered over the two days; 63 leaders were called; 128 songs were sung. The business session was closed.",BUSINESS MEETING,2026-07-20T16:29:07.240Z,4:29 PM
4,119,song,,l3qe40c5,,,Western Massachusetts Sacred Harp Convention,1999-03-14,"Northampton Center for the Arts, Northampton, Massachusetts",Tim Eriksen,Cath Oss,Kelly House,,,,,SHM1991,SHM1991,Tim Eriksen,,68b,,,,,2026-07-20T16:29:07.319Z,4:29 PM
4,120,song,,l3qe40c5,,,Western Massachusetts Sacred Harp Convention,1999-03-14,"Northampton Center for the Arts, Northampton, Massachusetts",Tim Eriksen,Cath Oss,Kelly House,,,,,SHM1991,SHM1991,Bradford West,,39t,,,,,2026-07-20T16:29:07.401Z,4:29 PM
4,121,song,,l3qe40c5,,,Western Massachusetts Sacred Harp Convention,1999-03-14,"Northampton Center for the Arts, Northampton, Massachusetts",Tim Eriksen,Cath Oss,Kelly House,,,,,SHM1991,SHM1991,Jack Goodell,,228,,,,,2026-07-20T16:29:07.474Z,4:29 PM
4,122,song,,l3qe40c5,,,Western Massachusetts Sacred Harp Convention,1999-03-14,"Northampton Center for the Arts, Northampton, Massachusetts",Tim Eriksen,Cath Oss,Kelly House,,,,,SHM1991,SHM1991,Jodi Seidenstein,,87,,,,,2026-07-20T16:29:07.633Z,4:29 PM
4,123,song,,l3qe40c5,,,Western Massachusetts Sacred Harp Convention,1999-03-14,"Northampton Center for the Arts, Northampton, Massachusetts",Tim Eriksen,Cath Oss,Kelly House,,,,,SHM1991,SHM1991,John Redman,,236,,,,,2026-07-20T16:29:07.710Z,4:29 PM
4,124,song,,l3qe40c5,,,Western Massachusetts Sacred Harp Convention,1999-03-14,"Northampton Center for the Arts, Northampton, Massachusetts",Tim Eriksen,Cath Oss,Kelly House,,,,,SHM1991,SHM1991,Kelly House,,385t,,,,,2026-07-20T16:29:07.797Z,4:29 PM
4,125,song,,l3qe40c5,,,Western Massachusetts Sacred Harp Convention,1999-03-14,"Northampton Center for the Arts, Northampton, Massachusetts",Tim Eriksen,Cath Oss,Kelly House,,,,,SHM1991,SHM1991,Anne Kazlauskas,,95,,,,,2026-07-20T16:29:07.882Z,4:29 PM
4,126,song,,l3qe40c5,,,Western Massachusetts Sacred Harp Convention,1999-03-14,"Northampton Center for the Arts, Northampton, Massachusetts",Tim Eriksen,Cath Oss,Kelly House,,,,,SHM1991,SHM1991,Aaron Kahn,,198,,,,,2026-07-20T16:29:07.972Z,4:29 PM
4,127,song,,l3qe40c5,,,Western Massachusetts Sacred Harp Convention,1999-03-14,"Northampton Center for the Arts, Northampton, Massachusetts",Tim Eriksen,Cath Oss,Kelly House,,,,,SHM1991,SHM1991,Roland Hutchinson,,473,,,,,2026-07-20T16:29:08.058Z,4:29 PM
4,128,song,,l3qe40c5,,,Western Massachusetts Sacred Harp Convention,1999-03-14,"Northampton Center for the Arts, Northampton, Massachusetts",Tim Eriksen,Cath Oss,Kelly House,,,,,SHM1991,SHM1991,Paula McGray,,300,,,,,2026-07-20T16:29:08.137Z,4:29 PM
4,129,song,,l3qe40c5,,,Western Massachusetts Sacred Harp Convention,1999-03-14,"Northampton Center for the Arts, Northampton, Massachusetts",Tim Eriksen,Cath Oss,Kelly House,,,,,SHM1991,SHM1991,Eliza Cavanaugh,,155,,,,,2026-07-20T16:29:08.237Z,4:29 PM
4,130,song,,l3qe40c5,,,Western Massachusetts Sacred Harp Convention,1999-03-14,"Northampton Center for the Arts, Northampton, Massachusetts",Tim Eriksen,Cath Oss,Kelly House,,,,,SHM1991,SHM1991,Adrian Mariano,,481,,,,,2026-07-20T16:29:08.336Z,4:29 PM
4,131,song,,l3qe40c5,,,Western Massachusetts Sacred Harp Convention,1999-03-14,"Northampton Center for the Arts, Northampton, Massachusetts",Tim Eriksen,Cath Oss,Kelly House,,,,,SHM1991,SHM1991,Dan Hertzler,,285t,,,,,2026-07-20T16:29:08.427Z,4:29 PM
4,132,song,,l3qe40c5,,,Western Massachusetts Sacred Harp Convention,1999-03-14,"Northampton Center for the Arts, Northampton, Massachusetts",Tim Eriksen,Cath Oss,Kelly House,,,,,SHM1991,SHM1991,L.H. Spencer,,216,,,,,2026-07-20T16:29:08.585Z,4:29 PM
4,133,song,,l3qe40c5,,,Western Massachusetts Sacred Harp Convention,1999-03-14,"Northampton Center for the Arts, Northampton, Massachusetts",Tim Eriksen,Cath Oss,Kelly House,,,,,SHM1991,SHM1991,Karen Freund,,76b,,,,,2026-07-20T16:29:08.686Z,4:29 PM
4,134,song,,l3qe40c5,,,Western Massachusetts Sacred Harp Convention,1999-03-14,"Northampton Center for the Arts, Northampton, Massachusetts",Tim Eriksen,Cath Oss,Kelly House,,,,,SHM1991,SHM1991,Tim Eriksen,,370,,,,,2026-07-20T16:29:08.773Z,4:29 PM
4,135,song,,l3qe40c5,,,Western Massachusetts Sacred Harp Convention,1999-03-14,"Northampton Center for the Arts, Northampton, Massachusetts",Tim Eriksen,Cath Oss,Kelly House,,,,,SHM1991,SHM1991,Tim Eriksen,,62,,,,,2026-07-20T16:29:08.875Z,4:29 PM
4,136,metadata,,,meta.ordinal,first,,,,,,,,,,,,,,,,,,,,,
4,137,metadata,,,meta.books,The Sacred Harp: 1991 Edition and other sources,,,,,,,,,,,,,,,,,,,,,
4,138,metadata,,,meta.suiteVersion,1.0.0-beta.32,,,,,,,,,,,,,,,,,,,,,
4,139,metadata,,,meta.openingStyle,B,,,,,,,,,,,,,,,,,,,,,
4,140,metadata,,,lists.sick,"Ursula Woodfield
Margaret Bornick
Dot Garber
Paul Leblanc
Ben Hertzler
Dinah Breunig. The memorial was closed",,,,,,,,,,,,,,,,,,,,,
4,141,metadata,,,lists.deceased,"Mae Seymour, Maude Keeton, Mary Ramsey Berueffy — Alabama
S. Rodman Irvine — California
Horace DeLong — Georgia
Wilma Vernon, Donna Summerfield — Illinois
Cameron Forbes, Anna Timmerman — Massachusetts
Grace Bizzell, Billy Johnson — North Carolina
Edna Lundgren — Pennsylvania
Shirley Green, Mary Hulburt — Virginia
Evadne McNeil — Wisconsin",,,,,,,,,,,,,,,,,,,,,
4,142,metadata,,,lists.memremarks,"Kelly House spoke of how Sacred Harp singing is sustained by love, and how each of these individuals contributed to Sacred Harp through the love they shared.",,,,,,,,,,,,,,,,,,,,,
